brand_name,maker_name,category,category_hint,memo
未分類,ニューギン,P,P,series_nameを初期ブランドとして登録
未分類,ジェイビー,P,P,series_nameを初期ブランドとして登録
未分類,平和,P,P,series_nameを初期ブランドとして登録
未分類,藤商事,P,P,series_nameを初期ブランドとして登録
未分類,アムテックス,P,P,series_nameを初期ブランドとして登録
未分類,大都技研,P,P,series_nameを初期ブランドとして登録
未分類,京楽産業．,P,P,series_nameを初期ブランドとして登録
未分類,大一商会,P,P,series_nameを初期ブランドとして登録
未分類,タイヨーエレック,P,P,series_nameを初期ブランドとして登録
未分類,SANKYO,P,P,series_nameを初期ブランドとして登録
未分類,七匠,P,P,series_nameを初期ブランドとして登録
未分類,三洋,P,P,series_nameを初期ブランドとして登録
未分類,豊丸,P,P,series_nameを初期ブランドとして登録
未分類,高尾,P,P,series_nameを初期ブランドとして登録
未分類,オーイズミ,P,P,series_nameを初期ブランドとして登録
未分類,コナミ,P,P,series_nameを初期ブランドとして登録
未分類,サンセイR&D,P,P,series_nameを初期ブランドとして登録
未分類,サミー,P,P,series_nameを初期ブランドとして登録
未分類,オッケー．,P,P,series_nameを初期ブランドとして登録
未分類,サンスリー,P,P,series_nameを初期ブランドとして登録
未分類,マルホン,P,P,series_nameを初期ブランドとして登録
未分類,ディ・ライト,P,P,series_nameを初期ブランドとして登録
未分類,ソフィア(フィールズ),P,P,series_nameを初期ブランドとして登録
未分類,ビスティ,P,P,series_nameを初期ブランドとして登録
未分類,高尾(オーイズミ),P,P,series_nameを初期ブランドとして登録
未分類,西陣,P,P,series_nameを初期ブランドとして登録
未分類,メーシー,P,P,series_nameを初期ブランドとして登録
未分類,JFJ,P,P,series_nameを初期ブランドとして登録
未分類,オレンジ,P,P,series_nameを初期ブランドとして登録
未分類,ミズホ,P,P,series_nameを初期ブランドとして登録
未分類,竹屋,P,P,series_nameを初期ブランドとして登録
未分類,パオン・ディーピー,P,P,series_nameを初期ブランドとして登録
未分類,カルミナ,P,P,series_nameを初期ブランドとして登録
まどか☆マギカ,京楽産業．,P,P,series_nameを初期ブランドとして登録
エヴァンゲリオン,ビスティ,P,P,series_nameを初期ブランドとして登録
ゴッド,サンセイR&D,P,P,series_nameを初期ブランドとして登録
ゴッド,メーシー,P,P,series_nameを初期ブランドとして登録
ゴッド,ミズホ,P,P,series_nameを初期ブランドとして登録
ゴッド,ニューギン,P,P,series_nameを初期ブランドとして登録
ソードアート・オンライン,京楽産業．,P,P,series_nameを初期ブランドとして登録
ソードアート・オンライン,大都技研,P,P,series_nameを初期ブランドとして登録
バジリスク,三洋,P,P,series_nameを初期ブランドとして登録
リゼロ,大都技研,P,P,series_nameを初期ブランドとして登録
ルパン三世,平和,P,P,series_nameを初期ブランドとして登録
ルパン三世,アムテックス,P,P,series_nameを初期ブランドとして登録
ルパン三世,オリンピア,P,P,series_nameを初期ブランドとして登録
北斗の拳,サミー,P,P,series_nameを初期ブランドとして登録
北斗の拳,高尾,P,P,series_nameを初期ブランドとして登録
北斗の拳,高尾(オーイズミ),P,P,series_nameを初期ブランドとして登録
戦国乙女,アムテックス,P,P,series_nameを初期ブランドとして登録
東京喰種,ビスティ,P,P,series_nameを初期ブランドとして登録
海物語,三洋,P,P,series_nameを初期ブランドとして登録
海物語,サンスリー,P,P,series_nameを初期ブランドとして登録
牙狼,サンセイR&D,P,P,series_nameを初期ブランドとして登録
番長,大都技研,P,P,series_nameを初期ブランドとして登録
花の慶次,ニューギン,P,P,series_nameを初期ブランドとして登録
未分類,サミー,S,S,series_nameを初期ブランドとして登録
未分類,平和,S,S,series_nameを初期ブランドとして登録
未分類,スパイキー,S,S,series_nameを初期ブランドとして登録
未分類,七匠,S,S,series_nameを初期ブランドとして登録
未分類,メーシー,S,S,series_nameを初期ブランドとして登録
未分類,KPE,S,S,series_nameを初期ブランドとして登録
未分類,コナミ,S,S,series_nameを初期ブランドとして登録
未分類,岡崎産業,S,S,series_nameを初期ブランドとして登録
未分類,京楽産業．,S,S,series_nameを初期ブランドとして登録
未分類,大都技研,S,S,series_nameを初期ブランドとして登録
未分類,カルミナ,S,S,series_nameを初期ブランドとして登録
未分類,オリンピアエステート,S,S,series_nameを初期ブランドとして登録
未分類,オッケー．,S,S,series_nameを初期ブランドとして登録
未分類,ディ・ライト,S,S,series_nameを初期ブランドとして登録
未分類,EXCITE,S,S,series_nameを初期ブランドとして登録
未分類,アデリオン,S,S,series_nameを初期ブランドとして登録
未分類,エンターライズ,S,S,series_nameを初期ブランドとして登録
未分類,エフ,S,S,series_nameを初期ブランドとして登録
未分類,ニューギン,S,S,series_nameを初期ブランドとして登録
未分類,大一商会,S,S,series_nameを初期ブランドとして登録
未分類,アイドル,S,S,series_nameを初期ブランドとして登録
未分類,ユニバーサルブロス,S,S,series_nameを初期ブランドとして登録
未分類,エレコ,S,S,series_nameを初期ブランドとして登録
未分類,山佐,S,S,series_nameを初期ブランドとして登録
未分類,ｵｰｲｽﾞﾐ･ｱﾐｭｰｼﾞｵ,S,S,series_nameを初期ブランドとして登録
未分類,ビスティ,S,S,series_nameを初期ブランドとして登録
未分類,オーイズミ,S,S,series_nameを初期ブランドとして登録
未分類,北電子,S,S,series_nameを初期ブランドとして登録
未分類,アムテックス,S,S,series_nameを初期ブランドとして登録
未分類,ネット,S,S,series_nameを初期ブランドとして登録
未分類,パオン・ディーピー,S,S,series_nameを初期ブランドとして登録
未分類,サンスリー,S,S,series_nameを初期ブランドとして登録
未分類,藤商事,S,S,series_nameを初期ブランドとして登録
未分類,DAXEL,S,S,series_nameを初期ブランドとして登録
未分類,アクロス,S,S,series_nameを初期ブランドとして登録
未分類,JFJ,S,S,series_nameを初期ブランドとして登録
未分類,山佐ネクスト,S,S,series_nameを初期ブランドとして登録
未分類,ミズホ,S,S,series_nameを初期ブランドとして登録
未分類,レオスター,S,S,series_nameを初期ブランドとして登録
未分類,セブンリーグ,S,S,series_nameを初期ブランドとして登録
未分類,山佐NEXT,S,S,series_nameを初期ブランドとして登録
未分類,パイオニア,S,S,series_nameを初期ブランドとして登録
未分類,サボハニ,S,S,series_nameを初期ブランドとして登録
未分類,ベルコ,S,S,series_nameを初期ブランドとして登録
未分類,オリンピア,S,S,series_nameを初期ブランドとして登録
未分類,SANKYO,S,S,series_nameを初期ブランドとして登録
未分類,三洋,S,S,series_nameを初期ブランドとして登録
未分類,コナミアミューズメント,S,S,series_nameを初期ブランドとして登録
未分類,豊丸,S,S,series_nameを初期ブランドとして登録
未分類,高尾,S,S,series_nameを初期ブランドとして登録
未分類,西陣,S,S,series_nameを初期ブランドとして登録
未分類,ロデオ,S,S,series_nameを初期ブランドとして登録
未分類,ヤーマ,S,S,series_nameを初期ブランドとして登録
未分類,タイヨーエレック,S,S,series_nameを初期ブランドとして登録
未分類,ジェイビー,S,S,series_nameを初期ブランドとして登録
未分類,ワールド,S,S,series_nameを初期ブランドとして登録
未分類,サンセイR&D,S,S,series_nameを初期ブランドとして登録
未分類,新日テクノロジー,S,S,series_nameを初期ブランドとして登録
まどか☆マギカ,ミズホ,S,S,series_nameを初期ブランドとして登録
まどか☆マギカ,メーシー,S,S,series_nameを初期ブランドとして登録
ゴッド,セブンリーグ,S,S,series_nameを初期ブランドとして登録
ゴッド,ミズホ,S,S,series_nameを初期ブランドとして登録
ゴッド,山佐,S,S,series_nameを初期ブランドとして登録
ゴッド,ユニバーサルブロス,S,S,series_nameを初期ブランドとして登録
ジャグラー,北電子,S,S,series_nameを初期ブランドとして登録
ソードアート・オンライン,大都技研,S,S,series_nameを初期ブランドとして登録
ハナハナ,パイオニア,S,S,series_nameを初期ブランドとして登録
バジリスク,ミズホ,S,S,series_nameを初期ブランドとして登録
バジリスク,メーシー,S,S,series_nameを初期ブランドとして登録
バジリスク,エレコ,S,S,series_nameを初期ブランドとして登録
モンキーターン,山佐,S,S,series_nameを初期ブランドとして登録
モンキーターン,西陣,S,S,series_nameを初期ブランドとして登録
リゼロ,パオン・ディーピー,S,S,series_nameを初期ブランドとして登録
リゼロ,サボハニ,S,S,series_nameを初期ブランドとして登録
北斗の拳,サミー,S,S,series_nameを初期ブランドとして登録
北斗の拳,高尾,S,S,series_nameを初期ブランドとして登録
吉宗,サボハニ,S,S,series_nameを初期ブランドとして登録
吉宗,大都技研,S,S,series_nameを初期ブランドとして登録
戦国乙女,オリンピアエステート,S,S,series_nameを初期ブランドとして登録
戦国乙女,オリンピア,S,S,series_nameを初期ブランドとして登録
戦国乙女,平和,S,S,series_nameを初期ブランドとして登録
東京喰種,スパイキー,S,S,series_nameを初期ブランドとして登録
沖ドキ,メーシー,S,S,series_nameを初期ブランドとして登録
沖ドキ,アクロス,S,S,series_nameを初期ブランドとして登録
沖ドキ,ミズホ,S,S,series_nameを初期ブランドとして登録
沖ドキ,ユニバーサルブロス,S,S,series_nameを初期ブランドとして登録
沖ドキ,エレコ,S,S,series_nameを初期ブランドとして登録
番長,サボハニ,S,S,series_nameを初期ブランドとして登録
番長,大都技研,S,S,series_nameを初期ブランドとして登録
番長,パオン・ディーピー,S,S,series_nameを初期ブランドとして登録
花の慶次,EXCITE,S,S,series_nameを初期ブランドとして登録
花の慶次,ニューギン,S,S,series_nameを初期ブランドとして登録
