machine_id,machine_name,category,maker_name,series_name,market_date,used_price,used_price_change_rate,installed_halls,installed_units,installed_units_change_rate,market_memo
P_a615bc7f7e,CR 009 RE:CYBORG 99.9ver,P,ニューギン,,,,,,,,
P_31e92c6f34,CR 009 RE:CYBORG S2R-K,P,ニューギン,,,,,,,,
P_e44d9578c4,CR J-RUSH3 HSJ,P,ジェイビー,,,,,,,,
P_bcad688722,CR J-RUSH3 RSJ,P,ジェイビー,,,,,,,,
P_1fbd2184ef,CR J-RUSH4 HSJ,P,ジェイビー,,,,,,,,
P_bee9a70964,CR JAWS～it’s a SHARK PANIC～ 319ver.,P,平和,,,,,,,,
P_9724976a37,CR RAVE この世界こそが真実だ FPM,P,藤商事,,,,,,,,
P_ebd2c93ffe,CRA TOKIO PREMIUM V,P,アムテックス,,,,,,,,
P_d350ab88fc,CRA大海物語3withアグネス・ラム SAP,P,三洋,海物語,,,,,,,
P_a16438daf7,CRA暴れん坊将軍 怪談 FPW,P,藤商事,,,,,,,,
P_b1f21562dd,CRA海物語 3R,P,三洋,海物語,,,,,,,
P_a5d9c0a3b0,CRA祭りだ!サブちゃん,P,アムテックス,,,,,,,,
P_5dbe67dfc8,CRA花の慶次X～雲のかなたに～ N-K,P,ニューギン,花の慶次,,,,,,,
P_ffbf9d6fc4,CRA遠山の金さん 二人の遠山桜 FPW,P,藤商事,,,,,,,,
P_959801c60e,CRA銀河鉄道999 99ver.,P,平和,,,,,,,,
P_31bd0feec0,CREA Newクレアの秘宝伝,P,大都技研,,,,,,,,
P_1215c1e0b5,CRぱちんこAKB48 バラの儀式 V9,P,京楽産業．,,,,,,,,
P_fb7ec868c2,CRぱちんこコードギアス 反逆のルルーシュ Z4,P,京楽産業．,,,,,,,,
P_2929236b82,CRぱちんこ仮面ライダー フルスロットル 闇のバトルver.,P,京楽産業．,,,,,,,,
P_7d6b3057f9,CRぱちんこ魔法少女まどか☆マギカ H2,P,京楽産業．,まどか☆マギカ,,,,,,,
P_33e9d3e3b1,CRひぐらしのなく頃に～叫～ 319Ver.,P,大一商会,,,,,,,,
P_d979bc8fa2,CRシュタインズ・ゲート 未来ガジェット319号機,P,ニューギン,,,,,,,,
P_c1cba3bd12,CRスーパー海物語 IN JAPAN 319バージョン,P,三洋,海物語,,,,,,,
P_a156372c45,CRスーパー海物語 IN JAPAN 金富士 新MAX319バージョン,P,三洋,海物語,,,,,,,
P_0e1be76be9,CRスーパー海物語IN沖縄3 桜ライト,P,三洋,海物語,,,,,,,
P_19419e460e,CRスーパー海物語IN沖縄4 MTC,P,三洋,海物語,,,,,,,
P_5aab90a845,CRスーパー海物語IN沖縄4桜バージョン ライト199ver.,P,三洋,海物語,,,,,,,
P_30402aab4d,CRスーパー海物語IN沖縄4桜バージョン 新マックス319ver.,P,三洋,海物語,,,,,,,
P_dfd5c2dde0,CRダイナマイトキングin沖縄 爆はいさいVer.,P,大一商会,,,,,,,,
P_401f18c278,CRトキオスペシャル V1,P,アムテックス,,,,,,,,
P_b7f763d67f,CRビッグドリーム～神撃 259Ver.,P,タイヨーエレック,,,,,,,,
P_4591c8a4d0,CRフィーバークィーンⅡ DX,P,ジェイビー,,,,,,,,
P_e4b2082ed1,CRフィーバー宇宙戦艦ヤマト -ONLY ONE- ライトミドルタイプ,P,SANKYO,,,,,,,,
P_6bd273c177,CRフィーバー戦姫絶唱シンフォギア,P,SANKYO,,,,,,,,
P_a272684080,CRフィーバー戦姫絶唱シンフォギア LIGHT ver.,P,SANKYO,,,,,,,,
P_fd509b315e,CRマッハGoGoGo GP7000 XVTS,P,七匠,,,,,,,,
P_27afde072c,CRリング 運命の日 FPSZ,P,藤商事,,,,,,,,
P_2da5f54152,CRリング 運命の日 FPWZ,P,藤商事,,,,,,,,
P_1e328040ac,CRルパン三世～消されたルパン～ 299Ver.,P,平和,ルパン三世,,,,,,,
P_b9f3f6517f,CR大海物語4 MTB,P,三洋,海物語,,,,,,,
P_e2c7bb6449,CR大海物語4 with アグネス・ラム SBC,P,三洋,海物語,,,,,,,
P_1fb31334e2,CR大海物語BLACK ライト,P,三洋,海物語,,,,,,,
P_40d99237ca,CR大海物語スペシャル MTE15,P,三洋,海物語,,,,,,,
P_5973bb3f01,CR戦国乙女5～10th Anniversary～ H1BZ1,P,アムテックス,戦国乙女,,,,,,,
P_08c82e0fec,CR爆走大工の源さん外伝-京都もいただき編- 強ミドル,P,三洋,,,,,,,,
P_7a4d37a8c0,CR百花繚乱 サムライブライド M5BZ2,P,平和,,,,,,,,
P_0392ff8bd0,CR真・花の慶次 L6-K,P,ニューギン,花の慶次,,,,,,,
P_b6f1bbf97b,CR真・花の慶次2～漆黒の衝撃 2400,P,ニューギン,花の慶次,,,,,,,
P_5fc486a699,CR緋弾のアリアⅡ FPM,P,藤商事,,,,,,,,
P_419dd7e3f1,CR聖闘士星矢-BEYOND THE LIMIT- MLA,P,三洋,,,,,,,,
P_4e74a422fd,CR花の慶次X～雲のかなたに～ H2-K,P,ニューギン,花の慶次,,,,,,,
P_b2a414d9fb,CR餃子の王将3 メガ盛7000,P,豊丸,,,,,,,,
P_9713cb9ee7,CR餃子の王将3 大盛5000,P,豊丸,,,,,,,,
P_5152d58305,CR黄門ちゃま 超寿 日本漫遊2700km 199ver.,P,平和,,,,,,,,
P_3670d29d7f,CR黄門ちゃま 超寿 日本漫遊2700km 299ver.,P,平和,,,,,,,,
P_a1f7731212,CR黄門ちゃま～神盛JUDGEMENT～ 99.9ver.,P,平和,,,,,,,,
P_caf9768797,CR黄門ちゃま～神盛JUDGEMENT～ L9BZ6,P,平和,,,,,,,,
P_e60674482b,Cの衝撃!!P弾球黙示録カイジ5 電撃チャージ和也Ver.,P,高尾,,,,,,,,
P_e2cc05d801,L エヴァンゲリオン ～未来への創造～,P,ビスティ,エヴァンゲリオン,,,,,,,
P_79c10ad3aa,L 新・必殺仕置人 回胴 CRASH SPEC,P,京楽産業．,,,,,,,,
P_48060be54d,Lucky 海物語,P,三洋,海物語,,,,,,,
P_427041a260,Lゴジラ対エヴァンゲリオン,P,ビスティ,エヴァンゲリオン,,,,,,,
P_afd4514368,Lスマスロ真・北斗無双(2024年),P,サミー,北斗の拳,,,,,,,
P_5f60f09a0b,Lパチスロ シン・エヴァンゲリオン,P,ビスティ,エヴァンゲリオン,,,,,,,
P_e36a87a566,Lルパン三世 大航海者の秘宝,P,平和,ルパン三世,,,,,,,
P_e95b11e381,L少女☆歌劇 レヴュースタァライト -The SLOT-,P,オーイズミ,,,,,,,,
P_6a61814c43,L銀河英雄伝説 Die Neue These,P,コナミ,,,,,,,,
P_0112233cf5,P 009 RE:CYBORG ACCELERATOR EDITION 99ver.,P,ニューギン,,,,,,,,
P_8b3c3d8957,P 009 RE:CYBORG ACCELERATOR EDITION M4-K,P,ニューギン,,,,,,,,
P_5944fa2ee1,P 10カウントチャージ 絶狼,P,サンセイR&D,,,,,,,,
P_940cabda08,P <物語>シリーズ セカンドシーズン GEE,P,サミー,,,,,,,,
P_a9c820adb8,P ANOTHER WILD RODEO～スギちゃんっス～ ST2,P,豊丸,,,,,,,,
P_b09f956dbc,P CYBORG009 RULE OF SACRIFICE S3-K,P,ニューギン,,,,,,,,
P_ebb0798f9f,P CYBORG009 RULE OF SACRIFICE VS SCARL BODY EDITION 199,P,ニューギン,,,,,,,,
P_533d2516b1,P DD北斗の拳2 ついでに愛を取り戻せ!! ケンシロウ319Ver.,P,高尾,北斗の拳,,,,,,,
P_a088b60ab8,P DD北斗の拳2 ついでに愛を取り戻せ!! ラオウ199Ver.,P,高尾,北斗の拳,,,,,,,
P_7f03d43b94,P DD北斗の拳3 V1C,P,高尾,北斗の拳,,,,,,,
P_346689a881,P DD北斗の拳3 百突99ver.,P,高尾(オーイズミ),北斗の拳,,,,,,,
P_86a7bee3ba,P FAIRY TAIL 2 JQD,P,藤商事,,,,,,,,
P_2274c7ea46,P FAIRY TAIL 89Ver.,P,藤商事,,,,,,,,
P_70ed0ee7cb,P FAIRY TAIL これが七炎竜の力だ FSA,P,藤商事,,,,,,,,
P_7418129675,P FAIRY TAIL 超一夜Ver.,P,藤商事,,,,,,,,
P_b2128bab8d,P GANTZ覚醒 SWEET2000,P,オッケー．,,,,,,,,
P_5b3be53360,P GO!GO!マリン 3000 HCD,P,サンスリー,,,,,,,,
P_3deebedf83,P GO!GO!マリン 超連撃BATTLE JTD,P,サンスリー,,,,,,,,
P_9949096c70,P GO!GO!郷 comeback stage M3-X,P,ニューギン,,,,,,,,
P_a1c81405fc,P GO!GO!郷 革命の5 M4-VLT,P,ニューギン,,,,,,,,
P_89c06ff548,P GOD EATER 究極一閃 MA,P,サンセイR&D,ゴッド,,,,,,,
P_93ee87f90a,P GOD EATER-ブラッドの覚醒- アマデジ神撃90VER,P,サンセイR&D,ゴッド,,,,,,,
P_7e19575883,P GⅠDREAMROAD MH,P,サンセイR&D,,,,,,,,
P_e32e4015c4,P J-RUSH5 HSJ-S,P,ジェイビー,,,,,,,,
P_74e18ff98b,P J-RUSH5 RSJ-S,P,ジェイビー,,,,,,,,
P_9a58025143,P JAWS3 SHARK PANIC -深淵- H1AZ5Y,P,平和,,,,,,,,
P_48e1182adc,P JAWS3 SHARK PANIC -深淵- LIGHT,P,平和,,,,,,,,
P_4e40148999,P NEW TOKIO ハカマタイプ,P,アムテックス,,,,,,,,
P_9b09a8e8ce,P ROAD TO EDEN GED,P,サミー,,,,,,,,
P_e4d7ff734c,P Re:ゼロから始める異世界生活,P,大都技研,リゼロ,,,,,,,
P_da13dc0642,P Re:ゼロから始める異世界生活 season2 129ver.,P,大都技研,リゼロ,,,,,,,
P_261e30a125,P Re:ゼロから始める異世界生活 season2 249ver.,P,大都技研,リゼロ,,,,,,,
P_f9242c4ece,P Re:ゼロから始める異世界生活 鬼がかり 199ver.,P,大都技研,リゼロ,,,,,,,
P_444cf89211,P Re:ゼロから始める異世界生活 鬼がかり 99ver.,P,大都技研,リゼロ,,,,,,,
P_c1af1c56c9,P Re:ゼロから始める異世界生活 鬼がかりver.,P,大都技研,リゼロ,,,,,,,
P_f364de7f8d,P STEINS；GATE 0 L2-K,P,ニューギン,,,,,,,,
P_e722d0459d,P TENRYU 7 R1,P,マルホン,,,,,,,,
P_c77561b5a7,P TIGER & BUNNY ～完全無欠WILDスペック～,P,サミー,,,,,,,,
P_150debdf86,P TOKIO BLACK 4500V1,P,アムテックス,,,,,,,,
P_76d6cce620,P ToLOVEるダークネス 100ver.,P,平和,,,,,,,,
P_9fe59e7134,P ToLOVEるダークネス 199ver.,P,平和,,,,,,,,
P_015a3d6ddf,P ToLOVEるダークネス H1YZ5,P,平和,,,,,,,,
P_c5c68ef557,P ayumi hamasaki ～LIVE in CASINO～ KG-F,P,ディ・ライト,,,,,,,,
P_b584647c7b,P ayumi hamasaki ～LIVE in CASINO～ KG-JJF,P,ディ・ライト,,,,,,,,
P_123f385366,P sin 七つの大罪 X-TREME V1K,P,高尾,,,,,,,,
P_b134653f70,P sin 七つの大罪 強甘 2400Ver.,P,高尾,,,,,,,,
P_8854c420f5,P yes!高須クリニック 超整形BLACK ver.,P,豊丸,,,,,,,,
P_f69bce610e,P yes!高須クリニック青天 はじまりは4500,P,豊丸,,,,,,,,
P_fb6dd26542,P いくさの子 戦極最強 ドデカ199ver.,P,サミー,,,,,,,,
P_a57b9f5f79,P にゃんこ大戦争 多様性のネコ M4,P,京楽産業．,,,,,,,,
P_e35137cf14,P にゃんこ大戦争 多様性のネコ 神さまにおまかせ88ver.,P,京楽産業．,,,,,,,,
P_71ddf39e4e,P ひぐらしのなく頃に～彩～ FM-N,P,大一商会,,,,,,,,
P_a46cae3530,P アズールレーン THE ANIMATION 異次元トリガー 79ver.,P,京楽産業．,,,,,,,,
P_d2aaf5e28e,P アズールレーン THE ANIMATION 異次元トリガー M4,P,京楽産業．,,,,,,,,
P_95496028ea,P ウルトラマンメビウス デカヘソ319,P,オッケー．,,,,,,,,
P_2ecf5868f1,P ゴジラ対エヴァンゲリオン セカンドインパクト G R,P,ビスティ,エヴァンゲリオン,,,,,,,
P_1cb7e48cea,P ゴジラ対エヴァンゲリオン2 超デカシルバー,P,ビスティ,エヴァンゲリオン,,,,,,,
P_48c4d0c71b,P モモキュンソード 速撃3000+,P,ソフィア(フィールズ),,,,,,,,
P_7790670b6f,P モモキュンソード 速撃99ver.,P,ソフィア(フィールズ),,,,,,,,
P_3677e4b070,P リングにかけろ1 L5-S,P,ニューギン,,,,,,,,
P_67d3e81ae4,P 俺の妹がこんなに可愛いわけがない。 M3,P,京楽産業．,,,,,,,,
P_11dff98f2d,P 俺の妹がこんなに可愛いわけがない。 攻略!!スキップ159ver.,P,京楽産業．,,,,,,,,
P_fe1e621193,P 冬のソナタ My Memory M7,P,京楽産業．,,,,,,,,
P_43ce006df5,P 冬のソナタ My Memory SWEET Version,P,京楽産業．,,,,,,,,
P_7d79194055,P 宇宙戦艦ヤマト2202 超波動 G,P,ビスティ,,,,,,,,
P_5ec27f69b9,P 宇宙戦艦ヤマト2202 超波動 森雪 199LT ver.,P,ビスティ,,,,,,,,
P_2069112749,P 新世紀エヴァンゲリオン ～未来への咆哮～ PREMIUM MODEL,P,ビスティ,エヴァンゲリオン,,,,,,,
P_770391cddc,P 犬夜叉3.0 大入り 甘SPEC,P,ディ・ライト,,,,,,,,
P_64a62e17c1,P 百花繚乱 ご奉仕129ver.,P,ディ・ライト,,,,,,,,
P_2cb2eceb41,P 織田信奈の野望 下剋上 V1D,P,高尾(オーイズミ),,,,,,,,
P_4e6a66e049,P 魔法少女まどか☆マギカ3 LM3,P,京楽産業．,まどか☆マギカ,,,,,,,
P_56b075b770,P 魔法少女まどか☆マギカ3 キュゥべえver.,P,京楽産業．,まどか☆マギカ,,,,,,,
P_2079b56326,P10カウントチャージ 絶狼 神撃135Ver.,P,サンセイR&D,,,,,,,,
P_ff8da4515f,P13日の金曜日 ZB,P,西陣,,,,,,,,
P_83109dc6da,PA CYBORG009 CALL OF JUSTICE N-X1,P,ニューギン,,,,,,,,
P_0459f5613a,PA CYBORG009 RULE OF SACRIFICE LT99Ver,P,ニューギン,,,,,,,,
P_bf65d801a7,PA FAIRY TAIL 2 JWA,P,藤商事,,,,,,,,
P_2c833827bd,PA GO!GO!郷 comeback stage 77ver.,P,ニューギン,,,,,,,,
P_4b0326e1ba,PA SUPER 電役ナナシーSPECIAL 3VV,P,豊丸,,,,,,,,
P_f7af54221b,PAうる星やつら～ラムのLoveSong～ N-K,P,ニューギン,,,,,,,,
P_a2420e6229,PAこの素晴らしい世界に祝福を! 「このゆる甘99に祝福を!」,P,豊丸,,,,,,,,
P_6fa3765904,PAでかちりラッシュ AE,P,メーシー,,,,,,,,
P_f21b6f434a,PAぱちんこ キン肉マン3 キン肉星王位争奪編 特盛ミートくんver.,P,京楽産業．,,,,,,,,
P_a7e0e98a64,PAぱちんこ シン・エヴァンゲリオン PREMIUM MODEL,P,ビスティ,エヴァンゲリオン,,,,,,,
P_83af0d78ed,PAぱちんこ 新・必殺仕置人 TURBO A8,P,京楽産業．,,,,,,,,
P_2edc6558d9,PAぱちんこAKB48桜 LIGHTver.,P,京楽産業．,,,,,,,,
P_3b85b0f779,PAぱちんこウルトラ6兄弟 Light Version,P,オッケー．,,,,,,,,
P_08a296308b,PAぱちんこウルトラセブン2 Light ver.,P,京楽産業．,,,,,,,,
P_2a2e7d4cfd,PAぱちんこガラスの仮面 89ver.,P,ニューギン,,,,,,,,
P_0a3c3f2fc7,PAぱちんこ冬のソナタ SWEET W HAPPY Version,P,京楽産業．,,,,,,,,
P_20cf7540d3,PAぱちんこ新鬼武者 狂鬼乱舞 Light ver.,P,オッケー．,,,,,,,,
P_ab2e3c6828,PAひぐらしのなく頃に 輪廻転生 99Ver.,P,ディ・ライト,,,,,,,,
P_daf9a314bf,PAひぐらしのなく頃に～囁～ AD-FR,P,大一商会,,,,,,,,
P_e9896e76fd,PAぶいぶい!ゴジラ かいじゅう大集合!! N-K1,P,ニューギン,,,,,,,,
P_f129bb938f,PAわんわんパラダイスCELEBRATION AGBD,P,サンスリー,,,,,,,,
P_55aa1567e2,PAわんわんパラダイスV GBA,P,サンスリー,,,,,,,,
P_1d47cfc7cd,PAガンスリンガー ストラトス 遊撃ver.,P,大都技研,,,,,,,,
P_d86bd46836,PAガールフレンド(仮) 99ver.,P,ニューギン,,,,,,,,
P_4e87c0fa33,PAギンギラパラダイス 夢幻カーニバル 強99ver.,P,サンスリー,,,,,,,,
P_93c15deb3a,PAコマコマ倶楽部with坂本冬美 89STver.,P,豊丸,,,,,,,,
P_00d55425b8,PAコマコマ倶楽部with坂本冬美 99ver.,P,豊丸,,,,,,,,
P_9063d8b0da,PAコマコマ倶楽部with坂本冬美 99確変ループver.,P,豊丸,,,,,,,,
P_3270682001,PAスーパー海物語 IN JAPAN2 金富士99バージョン,P,三洋,海物語,,,,,,,
P_bfae03f35c,PAスーパー海物語 IN 地中海2 HLA,P,三洋,海物語,,,,,,,
P_446e31445d,PAスーパー海物語IN地中海 SBA,P,三洋,海物語,,,,,,,
P_7d175561a1,PAスーパー海物語IN沖縄5 with アイマリン SBA,P,三洋,海物語,,,,,,,
P_fd7bd6fc9b,PAスーパー海物語IN沖縄6 Withえなこ RBD,P,三洋,海物語,,,,,,,
P_1e9f63cb43,PAデジハネガオガオキング3 SWQA,P,サミー,,,,,,,,
P_300ddf6834,PAデジハネ火曜サスペンス劇場3 最後の推理 GSA,P,サミー,,,,,,,,
P_e7fbb597af,PAドラム海物語 IN JAPAN RBB,P,サンスリー,海物語,,,,,,,
P_f9cbf95d1a,PAナムココレクション 89ver.,P,メーシー,,,,,,,,
P_b25758b410,PAナムココレクション2 スイートゲームver.,P,メーシー,,,,,,,,
P_31c936f444,PAハイスクール・フリート オールスター すい～とでハッピー!2400,P,メーシー,,,,,,,,
P_aaba71b8ee,PAハイスクール・フリート スイートでハッピー!,P,メーシー,,,,,,,,
P_887de14f78,PAビビッドレッド・オペレーション Sweetもも99ver.,P,ニューギン,,,,,,,,
P_b75dc283a2,PAフィーバー バイオハザード リベレーションズ2 Light ver.,P,SANKYO,,,,,,,,
P_c0b710aa00,PAフィーバー 機動戦士ガンダムユニコーン LIGHT ver.,P,SANKYO,,,,,,,,
P_be2f1d9bf7,PAフィーバーかぐや様は告らせたい Light ver.,P,SANKYO,,,,,,,,
P_014ce94483,PAフィーバーからくりサーカス2 Light ver.,P,SANKYO,,,,,,,,
P_f78a6ff040,PAフィーバーアイドルマスター ミリオンライブ! LIGHT VER.,P,SANKYO,,,,,,,,
P_9c4a645cc9,PAフィーバーアクエリオン ALL STARS LIGHT ver.,P,SANKYO,,,,,,,,
P_1bbc8d75b8,PAフィーバースーパー戦隊 Light ver.,P,SANKYO,,,,,,,,
P_72017f216e,PAフィーバーダンジョンに出会いを求めるのは間違っているだろうか2 LT-Light ver.,P,SANKYO,,,,,,,,
P_703810fa4d,PAフィーバーダンベル何キロ持てる? Light ver.,P,SANKYO,,,,,,,,
P_b275f17941,PAフィーバーパワフル R,P,SANKYO,,,,,,,,
P_ccb4e5ac7c,PAフィーバーマクロスフロンティア3 Light ver.,P,SANKYO,,,,,,,,
P_55b1b48c1c,PAフィーバーマクロスフロンティア4 88ver.,P,SANKYO,,,,,,,,
P_24c67e6339,PAフィーバー機動戦士ガンダム 逆襲のシャア Light ver.,P,SANKYO,,,,,,,,
P_d09f0720e9,PAフィーバー機動戦士ガンダムユニコーン LIGHT ver.,P,SANKYO,,,,,,,,
P_8417cbb82c,PAフィーバー機動戦士ガンダムユニコーン 再来 99ver.,P,SANKYO,,,,,,,,
P_31124112c9,PAフィーバー真花月2 Light Ver.,P,SANKYO,,,,,,,,
P_9c07ab5db6,PAフィーバー蒼穹のファフナー2 Light ver.,P,SANKYO,,,,,,,,
P_84e27f6403,PAヤッターマンVVV YBB,P,サンスリー,,,,,,,,
P_3b4f6c448c,PAリング バースデイ 呪いの始まり FWC,P,藤商事,,,,,,,,
P_8fb658aa66,PAリング 呪いの7日間2 FWA,P,藤商事,,,,,,,,
P_1c5cd0e166,PAワンパンマン 99ver.,P,ニューギン,,,,,,,,
P_3376969faa,PAヱヴァンゲリヲン13 エクストラモデル,P,ビスティ,,,,,,,,
P_2bb1bea3a2,PA世紀末・天才バカボン～神SPEC凱旋～ 99ver.,P,ディ・ライト,,,,,,,,
P_fa53c5b510,PA乗物娘 WITH CYBERJAPAN(R) DANCERS 77ver.,P,ニューギン,,,,,,,,
P_f5ead67a47,PA乗物娘 with CYBER JAPAN DANCERS 2nd season 77ver.,P,ニューギン,,,,,,,,
P_0dee883d0e,PA元祖ギンギラパラダイス 強99ver.,P,サンスリー,,,,,,,,
P_e4f62df3df,PA元祖大工の源さん WBE,P,三洋,,,,,,,,
P_119e51375a,PA元祖大工の源さん2 JBB,P,三洋,,,,,,,,
P_0c353965d4,PA咲-Saki- 阿知賀編 99バージョン,P,三洋,,,,,,,,
P_ec277d3dfd,PA大海物語4 スペシャル with アグネス・ラム RBA,P,三洋,海物語,,,,,,,
P_3522a4e5f7,PA大海物語5 Withアグネス・ラム ARBC,P,三洋,海物語,,,,,,,
P_827dc7795a,PA大海物語5 ブラック LT99ver.,P,三洋,海物語,,,,,,,
P_a35c0abe8a,PA巨人の星 一球入魂 明子2000Ver,P,サンセイR&D,,,,,,,,
P_7cfcd2997d,PA巨人の星～栄光の軌跡～ Light version,P,サンセイR&D,,,,,,,,
P_853e3b7636,PA怪盗おそ松さん HC-R,P,ディ・ライト,,,,,,,,
P_0370a10434,PA戦国BASARA N-5V1,P,ニューギン,,,,,,,,
P_2daa3aed89,PA新世紀エヴァンゲリオン 決戦 プレミアムモデル,P,ビスティ,エヴァンゲリオン,,,,,,,
P_c24ca30cb5,PA新海物語 ARBB,P,三洋,海物語,,,,,,,
P_0b570e50ce,PA海物語 極JAPAN Withナギナミ HBD,P,三洋,海物語,,,,,,,
P_e0531b58b6,PA海物語3R2 F,P,三洋,海物語,,,,,,,
P_bba980f391,PA海物語3R2スペシャル MBA,P,三洋,海物語,,,,,,,
P_966b12e358,PA海物語3R3 LBA(クリスタルシェル),P,三洋,海物語,,,,,,,
P_0b6e323d70,PA清流物語4 ウキウキ79ver.,P,サンスリー,,,,,,,,
P_f5c0bcb748,PA激デジ ジューシーハニーハーレム RAY,P,サンセイR&D,,,,,,,,
P_40c565dd22,PA激デジ 真・牙狼 RBY4,P,サンセイR&D,牙狼,,,,,,,
P_1c513ce24c,PA激デジ 笑ゥせぇるすまん 最後の忠告 MPY,P,サンセイR&D,,,,,,,,
P_4850822033,PA激デジジューシーハニー3 NCY,P,サンセイR&D,,,,,,,,
P_31563a4214,PA激デジ牙狼月虹ノ旅人 RL,P,サンセイR&D,牙狼,,,,,,,
P_5ce1f6da0a,PA真・怪獣王ゴジラ N2-K6,P,ニューギン,,,,,,,,
P_d86b4307d3,PA真・怪獣王ゴジラ NL-K1,P,ニューギン,,,,,,,,
P_77b8087086,PA真・怪獣王ゴジラ2 78Ver.,P,ニューギン,,,,,,,,
P_c16067067d,PA真・暴れん坊将軍 双撃 99Ver.,P,藤商事,,,,,,,,
P_810ff172e6,PA真・花の慶次2 漆黒の衝撃 99ver.,P,ニューギン,花の慶次,,,,,,,
P_7fa7df0016,PA緋弾のアリアAA JD設定付,P,JFJ,,,,,,,,
P_e59aee68d0,PA緋弾のアリアⅢ FW設定付,P,藤商事,,,,,,,,
P_d31fca3fdf,PA緋弾のアリア～緋弾覚醒編～甘デジver.,P,藤商事,,,,,,,,
P_bfb2c9e9c3,PA義風堂々!!～兼続と慶次～3 99Ver.,P,ニューギン,花の慶次,,,,,,,
P_0f6d136cc0,PA聖闘士星矢4 The Battle of ”限界突破” 女神シリーズ,P,三洋,,,,,,,,
P_e10b3dae9c,PA花の慶次 裂 99ver.,P,ニューギン,花の慶次,,,,,,,
P_5c8f77afef,PA花の慶次～傾奇一転 87ver.,P,ニューギン,花の慶次,,,,,,,
P_bb61d5432a,PA花の慶次～蓮 N-V,P,ニューギン,花の慶次,,,,,,,
P_801301fba2,PA貞子vs伽椰子 頂上決戦 FWA,P,藤商事,,,,,,,,
P_3e769b9ae5,PA遠山の金さん2 遠山桜と華の密偵 JWD,P,藤商事,,,,,,,,
P_4b9cdd8418,PA野生の王国Ⅵ N2,P,ニューギン,,,,,,,,
P_fd6d118405,PA野生の王国～どらむサファリ～ 99Ver.,P,ニューギン,,,,,,,,
P_73bc6f556e,PA鉄拳 極 SWEET COMBO VER.,P,ビスティ,,,,,,,,
P_808b4496fa,PA銀河英雄伝説 Die Neue These 遊パチスペック,P,ニューギン,,,,,,,,
P_f1243c8a75,PA魔王学院の不適合者 魔王再臨 99Ver,P,藤商事,,,,,,,,
P_fbcb80e4d3,PLT OVERLORD魔導王光臨 129ver.,P,サンセイR&D,,,,,,,,
P_b5aaab011c,PLT OVERLORD魔導王光臨 ME,P,サンセイR&D,,,,,,,,
P_c9dfa17b5d,PLTジューシーハニー極嬢 MA,P,サンセイR&D,,,,,,,,
P_4c77c1106d,PLT世界でいちばん強くなりたい!2 MQ,P,サンセイR&D,,,,,,,,
P_457829fbd6,PLT激デジ ジューシーハニー極嬢 77LT-ARB,P,サンセイR&D,,,,,,,,
P_9b2e7843bb,P【超甘LT】江頭2:50inナナシー 奇跡の99%,P,豊丸,,,,,,,,
P_f8e4f6afe5,P【超甘LT】華牌RR 1/49×99de遊タイム,P,豊丸,,,,,,,,
P_451dc67c85,P【超甘LT】豊丸のとあるパチンコにしみけん参戦 感度UP1/39,P,豊丸,,,,,,,,
P_be16110f0f,Pあの日見た花の名前を僕達はまだ知らない。 SLJA,P,サミー,,,,,,,,
P_d9b4346b51,Pあぶない刑事 129ver.,P,ニューギン,,,,,,,,
P_569d6825e3,Pあぶない刑事 M4-Z YT900,P,ニューギン,,,,,,,,
P_35db4b85db,Pいくさの子 織田三郎信長伝 GFPF,P,サミー,,,,,,,,
P_1b6493d84e,Pうしおととら～超獣SPEC～ FM-JH,P,ディ・ライト,,,,,,,,
P_aff8e215b5,Pうまい棒 4500から10500 V1,P,平和,,,,,,,,
P_1512734a20,Pうまい棒 4500～10500,P,平和,,,,,,,,
P_6a517fca0d,Pうまい棒2 V3,P,アムテックス,,,,,,,,
P_23a6cadd56,Pうる星やつら～Eternal Love Song～ 129ver.,P,ニューギン,,,,,,,,
P_9337fd7b58,Pうる星やつら～Eternal Love Song～ L2-K,P,ニューギン,,,,,,,,
P_f29aea0c30,Pえとたま2 神祭 MY,P,メーシー,,,,,,,,
P_91134436d7,Pえとたま2 神祭 干支甘,P,メーシー,,,,,,,,
P_4d1d859e9a,Pおそ松さんの頑張れ! ゴールデンロード 625Ver.,P,ディ・ライト,,,,,,,,
P_05015ad58a,Pおばけらんど 怪 199Ver.,P,西陣,,,,,,,,
P_e3db03213f,Pおばけらんど 怪 319Ver.(威吹枠),P,西陣,,,,,,,,
P_e536964d27,Pこの素晴らしい世界に祝福を 199LT「このラッキートリガーに祝福を!」,P,豊丸,,,,,,,,
P_ef1de4b559,Pこの素晴らしい世界に祝福を! 199LT「このラッキートリガーに祝福を!」,P,豊丸,,,,,,,,
P_0b57b18647,Pすしざんまい 極上5700,P,豊丸,,,,,,,,
P_06aed39d4b,Pだるまっしゅ2 119ver.,P,ニューギン,,,,,,,,
P_3e5a20b9ee,Pだるまっしゅ2 M7-KC,P,ニューギン,,,,,,,,
P_8ef8a0600f,Pとある科学の超電磁砲 FSB,P,藤商事,,,,,,,,
P_964a2985db,Pとある科学の超電磁砲 最強御坂ver.,P,藤商事,,,,,,,,
P_19243ac13e,Pとある科学の超電磁砲2 JMB,P,JFJ,,,,,,,,
P_c5d6297447,Pとある魔術の禁書目録 JUA,P,JFJ,,,,,,,,
P_8f2dadcacf,Pとある魔術の禁書目録 Light PREMIUM ver.,P,JFJ,,,,,,,,
P_a7c50dddbe,Pとある魔術の禁書目録2 JMZ,P,JFJ,,,,,,,,
P_5ab33bdab1,Pとある魔術の禁書目録2 Light PREMIUM 2000 ver.,P,JFJ,,,,,,,,
P_2ed67ac598,Pはぐれ刑事純情派 L6-XY,P,ニューギン,,,,,,,,
P_4d5cf234ce,Pはねものファインプレー H3,P,マルホン,,,,,,,,
P_03f8b2185a,Pぱちんこ GANTZ:3 LAST BATTLE M3,P,オッケー．,,,,,,,,
P_ff103c7930,Pぱちんこ GANTZ極 M3,P,オッケー．,,,,,,,,
P_2698c043da,Pぱちんこ GANTZ覚醒 RUSH180,P,オッケー．,,,,,,,,
P_dc9afeb43e,Pぱちんこ ウルトラセブン 超乱舞,P,オッケー．,,,,,,,,
P_41b70fd563,Pぱちんこ ウルトラマンタロウ2,P,オッケー．,,,,,,,,
P_db587425b8,Pぱちんこ ウルトラマンティガ ウルトラ超光ライトver.,P,オッケー．,,,,,,,,
P_5a2ceff7df,Pぱちんこ キン肉マン3 キン肉星王位争奪編 友情シルバー,P,京楽産業．,,,,,,,,
P_07f654aedd,Pぱちんこ キン肉マン3 キン肉星王位争奪編 火事場ゴールド,P,京楽産業．,,,,,,,,
P_1f70173a19,Pぱちんこ シン・エヴァンゲリオン 129 LT ver.,P,ビスティ,エヴァンゲリオン,,,,,,,
P_8aebf2dc38,Pぱちんこ シン・エヴァンゲリオン Type レイ,P,ビスティ,エヴァンゲリオン,,,,,,,
P_c3b6be2e4b,Pぱちんこ 乃木坂46 キュンキュンLIGHT ver.,P,京楽産業．,,,,,,,,
P_3883981d5a,Pぱちんこ 乃木坂46 トレジャースペック KCJ2,P,京楽産業．,,,,,,,,
P_15b1018491,Pぱちんこ 水戸黄門 超極上 KC1,P,京楽産業．,,,,,,,,
P_61081e4e5f,PぱちんこAKB48 ワン・ツー・スリー!!フェスティバル L1,P,京楽産業．,,,,,,,,
P_7c9915ac4a,PぱちんこAKB48-3～誇りの丘～ Light Version,P,京楽産業．,,,,,,,,
P_4c71b20c6e,PぱちんこGANTZ:2 Sweet ばーじょん,P,オッケー．,,,,,,,,
P_578c90466f,Pぱちんこアズールレーン THE ANIMATION MC2,P,京楽産業．,,,,,,,,
P_b947c3f1ac,Pぱちんこウルトラ6兄弟 K3,P,オッケー．,,,,,,,,
P_5241431194,Pぱちんこウルトラマンタロウ2 超決戦LIGHT ver.,P,オッケー．,,,,,,,,
P_0d2ad8a39e,Pぱちんこウルトラマンティガ K17,P,オッケー．,,,,,,,,
P_172195dd15,Pぱちんこウルトラマンティガ ウルトラ超光ライトver.,P,オッケー．,,,,,,,,
P_22b0e99157,Pぱちんこガラスの仮面 M-K1,P,ニューギン,,,,,,,,
P_3310f0bae0,Pぱちんこガラスの仮面 ML-K1,P,ニューギン,,,,,,,,
P_098ceb5aae,Pぱちんこ乃木坂46 KJ2,P,京楽産業．,,,,,,,,
P_b9ed3abe84,Pぱちんこ仮面ライダー GO-ON LIGHT,P,京楽産業．,,,,,,,,
P_b280516b7b,Pぱちんこ仮面ライダー 轟音 M6,P,京楽産業．,,,,,,,,
P_9513d7ac3e,Pぱちんこ仮面ライダー 闇のライダーver. K2,P,京楽産業．,,,,,,,,
P_09452d8ed5,Pぱちんこ冬のソナタForever M2,P,京楽産業．,,,,,,,,
P_70a628f466,Pぱちんこ劇場版魔法少女まどか☆マギカ キュウべえver.,P,京楽産業．,まどか☆マギカ,,,,,,,
P_3db37d2bed,Pぱちんこ劇場版魔法少女まどか☆マギカ 悪魔ほむらVER.,P,京楽産業．,まどか☆マギカ,,,,,,,
P_0754e49666,Pぱちんこ戦国コレクション LU,P,コナミ,,,,,,,,
P_0b0e18cbbf,Pぱちんこ戦国コレクションBLACK LA,P,コナミ,,,,,,,,
P_d54e7700db,Pぱちんこ新・必殺仕置人 K3,P,京楽産業．,,,,,,,,
P_db65a69f2f,Pぱちんこ新鬼武者 狂鬼乱舞 ズバババ90XX9,P,オッケー．,,,,,,,,
P_d6b8409c77,Pひぐらしのなく頃に 輪廻転生 FM-JT,P,ディ・ライト,,,,,,,,
P_e32bd3f507,Pひぐらしのなく頃に～廻～ 219ver.,P,大一商会,,,,,,,,
P_a63cf2f49b,Pひぐらしのなく頃に～廻～ AM,P,大一商会,,,,,,,,
P_3d463dac58,Pひぐらしのなく頃に～憩～ 119ver.,P,大一商会,,,,,,,,
P_1f8462fb12,Pひぐらしのなく頃に～瞬～ AM-S,P,大一商会,,,,,,,,
P_030c4fa81a,Pひぐらしのなく頃に～蕾～ FH-T,P,大一商会,,,,,,,,
P_b26feeee94,Pぶいぶい!ゴジラ かいじゅう大集合!! M3-K1,P,ニューギン,,,,,,,,
P_5905dc3792,Pほのかとクールポコと、ときどき武藤敬司 Y3F,P,豊丸,,,,,,,,
P_5c423610be,Pまわるん大海物語4 スペシャル with アグネス・ラム 119ver.,P,三洋,海物語,,,,,,,
P_23b330e8ee,Pめぞん一刻～Wedding Story～ H1YX1,P,平和,,,,,,,,
P_73fc0c560e,Pめぞん一刻～Wedding Story～ 甘デジ,P,アムテックス,,,,,,,,
P_8374620c69,Pもっとあぶない刑事 L3-MX,P,ニューギン,,,,,,,,
P_72283ba7ae,Pやじきた道中記 MM,P,メーシー,,,,,,,,
P_cda81b53e7,Pやじきた道中記 甘味ver.,P,メーシー,,,,,,,,
P_c023b7839a,Pらんま1/2 熱血格闘遊戯 199Ver.,P,高尾,,,,,,,,
P_7fb8b1e055,Pらんま1/2 熱血格闘遊戯 99Ver.,P,高尾,,,,,,,,
P_b5e64491d7,Pわんニャンアドベンチャー 119ver.,P,サンスリー,,,,,,,,
P_665b45dbfa,Pわんニャンアドベンチャー HCB,P,サンスリー,,,,,,,,
P_0a0aa73d6e,Pアズールレーン THE ANIMATION 異次元トリガー M4,P,京楽産業．,,,,,,,,
P_792b7da1a9,Pアナザーゴッドハーデス ザ ワールド SC,P,メーシー,ゴッド,,,,,,,
P_561083b0ca,Pアナザーゴッドハーデス-狂乱- MC,P,メーシー,ゴッド,,,,,,,
P_b197e4d1e8,Pアナザーゴッドハーデス-獄炎- SB,P,メーシー,ゴッド,,,,,,,
P_f7c86ab536,Pアナザーゴッドポセイドン-怒濤の神撃- MH,P,メーシー,ゴッド,,,,,,,
P_80f2b0eb69,Pアレジン プレミアム FMG,P,藤商事,,,,,,,,
P_788a1af8e3,Pカイジ 鉄骨渡り勝負編 7000,P,高尾,,,,,,,,
P_16a3071712,Pガールズ＆パンツァー 劇場版 L9YU3Y,P,平和,,,,,,,,
P_cb7eb356e2,Pガールズ＆パンツァー 劇場版 甘デジ,P,平和,,,,,,,,
P_3ce4db2d7e,Pガールフレンド(仮) M2-K YT500,P,ニューギン,,,,,,,,
P_96c70cc791,Pキャッツ・アイ～最高のお宝、頂きに上がります～ Sweet Treasures ver.,P,アムテックス,,,,,,,,
P_edb2319948,Pキャプテン翼 2020 NL,P,サンセイR&D,,,,,,,,
P_9254eaaf5c,Pキャプテン翼 石崎バージョン,P,サンセイR&D,,,,,,,,
P_14b9fb4db3,Pキャプテン翼 若林Ver.,P,サンセイR&D,,,,,,,,
P_f11bdc3a43,Pキャプテン翼 若林甘えんなよ! Ver.,P,サンセイR&D,,,,,,,,
P_12020d9b69,Pキュインぱちんこ ピンク・レディー しんぷる,P,アムテックス,,,,,,,,
P_f366366ff1,Pギルティクラウン2 ME,P,メーシー,,,,,,,,
P_1217fc41ee,Pギルティクラウン2 プレミアムライブチケット,P,メーシー,,,,,,,,
P_81744f1776,Pギンギラパラダイス 夢幻カーニバル 199ver.,P,サンスリー,,,,,,,,
P_a626f1b237,Pギンギラパラダイス 夢幻カーニバル 319ver.,P,サンスリー,,,,,,,,
P_c03848dbe0,Pクイーンズブレイド3 ナナエルVer.,P,高尾,,,,,,,,
P_2084662077,Pクイーンズブレイド3 レイナVer.,P,高尾,,,,,,,,
P_ef1739bf75,Pクイーンズブレイド4 UNLIMITED V1D,P,高尾,,,,,,,,
P_11c296b497,Pクイーンズブレイド4 ナナエルver.,P,高尾(オーイズミ),,,,,,,,
P_5f6eba0fe1,Pクイーンズブレイド奈落 5400,P,高尾(オーイズミ),,,,,,,,
P_b67add4598,Pクイーンズブレイド奈落 ナナエル79Ver.,P,高尾(オーイズミ),,,,,,,,
P_90983fc84b,Pゲゲゲの鬼太郎 獅子奮迅 99ver.,P,オレンジ,,,,,,,,
P_b89c7ef205,Pゲゲゲの鬼太郎 獅子奮迅 RRZ,P,オレンジ,,,,,,,,
P_c31fbb555b,Pコードギアス 反逆のルルーシュ Light ver.,P,ビスティ,,,,,,,,
P_50791140cd,Pコードギアス 反逆のルルーシュ Rebellion to Re;surrection ライト ver.,P,ビスティ,,,,,,,,
P_01d117478c,Pコードギアス 反逆のルルーシュ Rebellion to Re；surrection V,P,ビスティ,,,,,,,,
P_ea1f387c56,Pコードギアス 反逆のルルーシュ Rebellion to Re；surrection ライト ver.,P,ビスティ,,,,,,,,
P_be3f97e3e5,Pコードギアス 反逆のルルーシュ bR,P,ビスティ,,,,,,,,
P_462a41a7f7,Pコードギアス 反逆のルルーシュ ライトミドルver.,P,ビスティ,,,,,,,,
P_33dde9647a,Pゴジラ対エヴァンゲリオン ～G細胞覚醒～ L,P,ビスティ,エヴァンゲリオン,,,,,,,
P_aab59bc024,Pゴジラ対エヴァンゲリオン ～G細胞覚醒～ PREMIUM MODEL,P,ビスティ,エヴァンゲリオン,,,,,,,
P_8b29bc132b,Pゴッドイーター199 ゴッドトリガーVER.,P,サンセイR&D,ゴッド,,,,,,,
P_9ef16aec8a,Pゴッドイーター神がかりVer.,P,サンセイR&D,ゴッド,,,,,,,
P_4e7ee98736,Pゴブリンスレイヤー JGZ,P,JFJ,,,,,,,,
P_faa9801989,Pゴブリンスレイヤー ラッキートリガーVer,P,JFJ,,,,,,,,
P_2d5b52d5f7,Pサラリーマン金太郎 159をなめんじゃねぇver.,P,藤商事,,,,,,,,
P_8dcb6a7794,Pサラリーマン金太郎 FMY,P,藤商事,,,,,,,,
P_30230ced34,Pシティーハンター 俺の心を震わせた日 H1YZ7,P,アムテックス,,,,,,,,
P_426a5751a5,Pシティーハンター 俺の心を震わせた日 凄ライトミドル,P,アムテックス,,,,,,,,
P_d1b165dd49,PシンデレラブレイドJQX,P,JFJ,,,,,,,,
P_c855d014d2,Pジューシーハニー ハーレム MF,P,サンセイR&D,,,,,,,,
P_15ee898c13,Pジューシーハニー2 REY2,P,サンセイR&D,,,,,,,,
P_f0a962e594,Pジューシーハニー3 MGY2,P,サンセイR&D,,,,,,,,
P_839ce7c035,Pジューシーハニー3 てんこ盛り連写RUSH RCY3,P,サンセイR&D,,,,,,,,
P_881e738923,Pストライクウィッチーズ2 129ver.,P,三洋,,,,,,,,
P_276ff95e47,Pストライクウィッチーズ2 HCL,P,三洋,,,,,,,,
P_04f384ea93,PストリートファイターⅤ FRY,P,藤商事,,,,,,,,
P_388b842b34,PストリートファイターⅤ K.O.RUSH FMW,P,藤商事,,,,,,,,
P_682ac04d23,PストリートファイターⅤ K.O.RUSH LIGHT EDITION,P,藤商事,,,,,,,,
P_fb44839d2c,Pスーパーコンビ α7500,P,SANKYO,,,,,,,,
P_bc03207874,Pスーパー海物語 IN JAPAN2 with 太鼓の達人 99バージョン,P,三洋,海物語,,,,,,,
P_d3ef25738f,Pスーパー海物語 IN JAPAN2 金富士 はんなり199バージョン,P,三洋,海物語,,,,,,,
P_252496b832,Pスーパー海物語 IN JAPAN2 金富士 ピリッと319バージョン,P,三洋,海物語,,,,,,,
P_0e6c6fd486,Pスーパー海物語IN沖縄5 LTV,P,三洋,海物語,,,,,,,
P_2217ff8ba4,Pスーパー海物語IN沖縄5 夜桜超旋風 99ver.,P,三洋,海物語,,,,,,,
P_cf97589e06,Pスーパー海物語IN沖縄5 夜桜超旋風 YTC,P,三洋,海物語,,,,,,,
P_41a434cc8a,Pスーパー海物語IN沖縄5 桜ver. 199ver.,P,三洋,海物語,,,,,,,
P_e56ef596f8,Pスーパー海物語IN沖縄5 桜ver. 319ver.,P,三洋,海物語,,,,,,,
P_f9b299a3a4,Pスーパー海物語IN沖縄6 LTP,P,三洋,海物語,,,,,,,
P_84c6cd4a9f,Pゾンビランドサガ SCPC,P,サミー,,,,,,,,
P_60979f3ee6,Pターミネーター2 TYPE 7500,P,アムテックス,,,,,,,,
P_82d92f38c5,Pダイナマイトキング ～無敵SPEC～ FN-T,P,大一商会,,,,,,,,
P_d1f14687bf,Pダンガンロンパ M6-V1,P,ニューギン,,,,,,,,
P_426ec542fc,Pツインループ花満開 XD,P,西陣,,,,,,,,
P_9e9ee7c6ba,Pデジハネ蒼天の拳 双龍 GSB,P,サミー,,,,,,,,
P_3c6cbd6580,Pデビルマン 疾風迅雷 129ver.,P,ニューギン,,,,,,,,
P_80c5883e83,Pデビルマン 疾風迅雷 S-X1 YT959,P,ニューギン,,,,,,,,
P_3c0693f246,Pデビルマン 黄金黙示録 N-K1 YT250,P,ニューギン,,,,,,,,
P_f8a0fe8ef3,Pデビルメイクライ4 OUT OF LIMIT AA,P,メーシー,,,,,,,,
P_90966cf66a,Pデビルメイクライ4 クレイジーバトル MD,P,メーシー,,,,,,,,
P_f8a94b2d64,Pドラムだ!金ドン 花火外伝 99ver.,P,ミズホ,,,,,,,,
P_c976d38f73,Pドラムだ!金ドン 花火外伝 MP,P,ミズホ,,,,,,,,
P_b823875058,Pドラム海物語IN沖縄 桜 SBE,P,サンスリー,海物語,,,,,,,
P_3b3191dc27,Pドラム花火の源さん HCB,P,サンスリー,,,,,,,,
P_f7b91ea215,Pニュートキオ GREEN V1,P,アムテックス,,,,,,,,
P_9342396226,Pネオモンスターハウス 99Ver.,P,竹屋,,,,,,,,
P_7ce2516ca0,PハイスクールD×D 真紅 MC,P,西陣,,,,,,,,
P_8c0d8a7b02,Pハイスクール・フリート MA,P,メーシー,,,,,,,,
P_76fb2841e6,Pハイスクール・フリート オールスター MH,P,メーシー,,,,,,,,
P_edb2f314fa,Pハネモノ ファミリースタジアム MD,P,ミズホ,,,,,,,,
P_8873c01a69,Pバイオハザード RE:2 H1YZ3,P,アムテックス,,,,,,,,
P_e2794a4cb7,Pバイオハザード RE:2 LTver.,P,アムテックス,,,,,,,,
P_c436a44df5,Pバキ 319ver.,P,アムテックス,,,,,,,,
P_6cb57855fc,Pバベル5000 MN,P,ミズホ,,,,,,,,
P_43a13a6901,Pバンドリ! H1YZ4,P,平和,,,,,,,,
P_a79177c1da,Pバンドリ! Light ver.,P,平和,,,,,,,,
P_db50b0a068,Pバーストエンジェル3 199Ver,P,豊丸,,,,,,,,
P_cc68049e83,Pパイレーツオブダイナマイトキング AG-JJJS,P,ディ・ライト,,,,,,,,
P_282eb90cf7,Pパチンコ 新世紀エヴァンゲリオン ～未来への咆哮～,P,ビスティ,エヴァンゲリオン,,,,,,,
P_1e79bba9b5,Pパチンコ閃乱カグラ2 胸躍る199Ver.,P,高尾,,,,,,,,
P_26032b6353,PパトラッシュV GREEN,P,SANKYO,,,,,,,,
P_4a79137f64,PパトラッシュV RED,P,SANKYO,,,,,,,,
P_12a981ac4e,Pビッグドリーム2 激神 199ver.,P,サミー,,,,,,,,
P_eed4f9a549,Pビッグドリーム2 激神 GFE,P,サミー,,,,,,,,
P_5ee67f9752,Pビッグドリーム3 77ver.,P,サミー,,,,,,,,
P_de2ddc3862,Pビッグドリーム3 SFJJ,P,サミー,,,,,,,,
P_535f09d1b6,Pビビッドレッド・オペレーション M-K YT599,P,ニューギン,,,,,,,,
P_03f92f84b1,Pフィーバー バイオハザード リベレーションズ2 Z,P,SANKYO,,,,,,,,
P_c870456931,Pフィーバー 機動戦士ガンダムユニコーン b,P,SANKYO,,,,,,,,
P_5fad1cdf5e,Pフィーバーありふれた職業で世界最強 Light ver.,P,SANKYO,,,,,,,,
P_a03dc13262,Pフィーバーありふれた職業で世界最強 R,P,SANKYO,,,,,,,,
P_0751ce8fff,Pフィーバーうたわれるもの 199ver.,P,SANKYO,,,,,,,,
P_b15dbb2aa7,Pフィーバーうたわれるもの LT-Light ver.,P,SANKYO,,,,,,,,
P_0f7aab4ee3,Pフィーバーかぐや様は告らせたい R,P,SANKYO,,,,,,,,
P_d0f09565ca,Pフィーバーからくりサーカス Light ver.,P,SANKYO,,,,,,,,
P_feaa7b5ac9,Pフィーバーからくりサーカス V,P,SANKYO,,,,,,,,
P_ba2039bc96,Pフィーバーアイドルマスター ミリオンライブ! 39フェスver.,P,SANKYO,,,,,,,,
P_d766d1dc3d,Pフィーバーアイドルマスター ミリオンライブ! PREMIUM 39LIVE TOUR,P,SANKYO,,,,,,,,
P_919b5770b4,PフィーバーアクエリオンW 気持ちいい～！ver.,P,SANKYO,,,,,,,,
P_384f0afa4e,Pフィーバーアクエリオン極合体 F,P,SANKYO,,,,,,,,
P_6cafee2f00,PフィーバークィーンRUSH Y,P,ジェイビー,,,,,,,,
P_bd92e83927,PフィーバークィーンⅡ,P,ジェイビー,,,,,,,,
P_9ff346e1d3,PフィーバークィーンⅡ YS,P,SANKYO,,,,,,,,
P_8cf6c835e2,PフィーバークィーンⅡ30th ANNIVERSARY EDITION V,P,ジェイビー,,,,,,,,
P_313d6fa831,Pフィーバーゴルゴ13 Light ver.(2022年),P,SANKYO,,,,,,,,
P_f4be5be20c,Pフィーバーゴルゴ13 疾風Ver.,P,SANKYO,,,,,,,,
P_273f40acd5,Pフィーバーゴルゴ13 疾風マシンガンVer.,P,SANKYO,,,,,,,,
P_43f657c042,Pフィーバースプラッシュ×スプラッシュ,P,SANKYO,,,,,,,,
P_ddda43b1f6,PフィーバータイガーマスクW Light ver.,P,SANKYO,,,,,,,,
P_bd21644022,PフィーバータイガーマスクW R,P,SANKYO,,,,,,,,
P_40cd476bd1,Pフィーバーダンジョンに出会いを求めるのは間違っているだろうか F,P,SANKYO,,,,,,,,
P_7eff5bfa38,Pフィーバーダンベル何キロ持てる? V,P,SANKYO,,,,,,,,
P_66ca2abedf,Pフィーバートータル・イクリプス V,P,SANKYO,,,,,,,,
P_23df97a637,PフィーバーパワフルⅢ-F,P,ジェイビー,,,,,,,,
P_e39b7216e0,PフィーバーマクロスΔ A,P,SANKYO,,,,,,,,
P_56e51609d4,PフィーバーマクロスΔ F,P,SANKYO,,,,,,,,
P_04ef37c15c,PフィーバーマクロスΔ V-ラッシュver.,P,SANKYO,,,,,,,,
P_75d3287fa6,Pフィーバーマクロスフロンティア4 A,P,SANKYO,,,,,,,,
P_762afea842,Pフィーバーマクロスフロンティア5 LT-Light ver.,P,SANKYO,,,,,,,,
P_82d90d4eba,Pフィーバーマクロスフロンティア5 W,P,SANKYO,,,,,,,,
P_14f78cbba7,Pフィーバー三国戦騎 7500,P,SANKYO,,,,,,,,
P_55a343bd0a,Pフィーバー彼女、お借りします LT-Light ver.,P,SANKYO,,,,,,,,
P_1ea70f3acc,Pフィーバー戦姫絶唱シンフォギア LIGHT ver. 遊タイム付,P,SANKYO,,,,,,,,
P_cd1f0b1b4c,Pフィーバー戦姫絶唱シンフォギア2,P,SANKYO,,,,,,,,
P_b23cee3203,Pフィーバー戦姫絶唱シンフォギア2 1/230 ver.,P,SANKYO,,,,,,,,
P_b26cb833f2,Pフィーバー戦姫絶唱シンフォギア2 1/77ver.,P,SANKYO,,,,,,,,
P_8ea6bba02c,Pフィーバー戦姫絶唱シンフォギア3 黄金絶唱 LIGHT ver.,P,SANKYO,,,,,,,,
P_84f720a264,Pフィーバー戦姫絶唱シンフォギア3 黄金絶唱 N,P,SANKYO,,,,,,,,
P_3f9b00a6fb,Pフィーバー戦姫絶唱シンフォギア4 199ver.,P,SANKYO,,,,,,,,
P_184fa99935,Pフィーバー戦姫絶唱シンフォギア4 LT-Light ver.,P,SANKYO,,,,,,,,
P_09ae9f5555,Pフィーバー戦姫絶唱シンフォギア4 Light ver.,P,SANKYO,,,,,,,,
P_d83b1dae83,Pフィーバー機動戦士ガンダム 逆襲のシャア Z,P,SANKYO,,,,,,,,
P_cd9a3ab216,Pフィーバー機動戦士ガンダムSEED LT-Light ver.,P,SANKYO,,,,,,,,
P_ca9c22add3,Pフィーバー機動戦士ガンダムSEED S,P,SANKYO,,,,,,,,
P_4edde606a7,Pフィーバー機動戦士ガンダムユニコーン b,P,SANKYO,,,,,,,,
P_b7812d103c,Pフィーバー機動戦士ガンダムユニコーン 再来 -白き一角獣と黒き獅子- S,P,SANKYO,,,,,,,,
P_d8ea3a3144,Pフィーバー機動戦士ガンダムユニコーン 再来 129ver.,P,SANKYO,,,,,,,,
P_ebbb1bbba9,Pフィーバー機動戦士ガンダムユニコーン再来 129ver.,P,SANKYO,,,,,,,,
P_79c8cede5f,Pフィーバー炎炎ノ消防隊 G,P,SANKYO,,,,,,,,
P_74ae0af22c,Pフィーバー炎炎ノ消防隊 Light ver.,P,SANKYO,,,,,,,,
P_658308aa74,Pフィーバー真花月2 夜桜バージョン,P,SANKYO,,,,,,,,
P_038d4ce936,Pブラックラグーン4 EXTRA BULLET 129ver.,P,サミー,,,,,,,,
P_636e3f4cc9,Pブラックラグーン4 GFPJ,P,サミー,,,,,,,,
P_9fa6f61b53,Pベルセルク無双 119ver.,P,ニューギン,,,,,,,,
P_2bd798c51d,Pベルセルク無双 M-Z,P,ニューギン,,,,,,,,
P_3478c96c9f,Pベルセルク無双 冥府魔道ver. M12-Z,P,ニューギン,,,,,,,,
P_2fb22b15ff,Pホームランキング 9AV2S,P,アムテックス,,,,,,,,
P_772782b55d,Pホー助くん YKBU2,P,アムテックス,,,,,,,,
P_548059b053,Pポチッと一発!おだてブタ2 V1,P,アムテックス,,,,,,,,
P_ca5b37d105,Pミニミニモンスター4 a,P,竹屋,,,,,,,,
P_d792ea4045,Pミリオンゴッド-一撃- MH,P,ミズホ,ゴッド,,,,,,,
P_7a36920ce2,Pメイドインアビス 奈落の連環蝕 SL,P,メーシー,,,,,,,,
P_1012e3a05c,Pメイドインアビス 虹の黄金域 MR,P,メーシー,,,,,,,,
P_9a32b093a9,Pモモキュンソード GC250A,P,西陣,,,,,,,,
P_16a0b81006,Pモモキュンソード MC,P,西陣,,,,,,,,
P_c9560dd14f,Pモモキュンソード 閃撃 GCA,P,西陣,,,,,,,,
P_6769043f2b,Pモモキュンソード 閃撃 MD,P,西陣,,,,,,,,
P_41262ac527,Pモンスターハンター ダブルクロス SFB,P,サミー,,,,,,,,
P_d15e86873f,Pモンスターハンター ダブルクロス 連続狩猟ver.,P,サミー,,,,,,,,
P_7bd332f52a,Pモンスターハンターライズ GRPG,P,サミー,,,,,,,,
P_6cae47fc04,PヤッターマンVVV-YCE,P,サンスリー,,,,,,,,
P_da8d16ffa2,Pラブ嬢 ～極嬢のハーレム体験～ 129ver.,P,アムテックス,,,,,,,,
P_3b6d28d295,Pラブ嬢 ～極嬢のハーレム体験～ H1YZ6,P,アムテックス,,,,,,,,
P_9265efdbe4,Pラブ嬢～極嬢のハーレム体験～ H1YZ6,P,アムテックス,,,,,,,,
P_c3097c5966,Pリアル鬼ごっこ2 全力疾走チャージ王様ver.,P,高尾,,,,,,,,
P_0f4e524fc6,Pリアル鬼ごっこ2 全力疾走チャージ鬼Ver.,P,高尾,,,,,,,,
P_ac1de0b880,Pリング バースデイ 呪いの始まり FRX設定付,P,藤商事,,,,,,,,
P_6e4a656545,Pリング 呪いの7日間2 FSA,P,藤商事,,,,,,,,
P_12ee52f887,Pリング 呪いの7日間2 JN,P,藤商事,,,,,,,,
P_36d762d583,Pリング 呪いの7日間3 JMA,P,JFJ,,,,,,,,
P_0f0190eef0,Pリング 呪いの7日間3 ラッキートリガーVer.,P,JFJ,,,,,,,,
P_e3ef5bb302,Pリング 呪いの7日間3 甘デジver.,P,JFJ,,,,,,,,
P_325660de6b,Pルパン三世 2000カラットの涙 129Ver.,P,平和,ルパン三世,,,,,,,
P_ffe60c60b9,Pルパン三世 2000カラットの涙 H1AZ2,P,平和,ルパン三世,,,,,,,
P_ceb2e221a5,Pルパン三世 ONE COLLECTION 100ver.,P,アムテックス,ルパン三世,,,,,,,
P_d1305e613c,Pルパン三世 ONE COLLECTION H1YZ4,P,アムテックス,ルパン三世,,,,,,,
P_87bc060b3c,Pルパン三世 THE FIRST 99ver.,P,平和,ルパン三世,,,,,,,
P_7064262bc0,Pルパン三世 THE FIRST H1YZ1,P,平和,ルパン三世,,,,,,,
P_a1d6eab3fc,Pルパン三世 消されたルパン2022 99ver.,P,平和,ルパン三世,,,,,,,
P_ecdad33189,Pルパン三世 消されたルパン2022 H1AZ1,P,平和,ルパン三世,,,,,,,
P_41cf561e1c,Pルパン三世 銭形からの招待状 77Sweet Ver.,P,平和,ルパン三世,,,,,,,
P_c3bd70ce88,Pルパン三世 ～復活のマモー～ 2YZ7,P,平和,ルパン三世,,,,,,,
P_a73e3b9f8a,Pルパン三世 ～復活のマモー～ M1AY5Y,P,平和,ルパン三世,,,,,,,
P_15d1205b14,Pルパン三世 ～復活のマモー～ 甘デジ,P,平和,ルパン三世,,,,,,,
P_ec100030be,Pルパン三世～神々への予告状～ 9AU1,P,平和,ルパン三世,,,,,,,
P_9868443c19,Pルパン三世～神々への予告状～ L9BW4S,P,平和,ルパン三世,,,,,,,
P_54d5848824,Pワイルドロデオ 6750だぜぇ S2,P,豊丸,,,,,,,,
P_d14aa248d1,Pワンパンマン 199ver.,P,ニューギン,,,,,,,,
P_a67875af2c,Pワンパンマン L3-MX,P,ニューギン,,,,,,,,
P_281b70efe2,Pヱヴァンゲリヲン13 プレミアムモデル,P,ビスティ,,,,,,,,
P_482801e9f2,P一球魂GOLDピラミッ伝 V1E,P,高尾,,,,,,,,
P_bdced12cf2,P一騎当千SS斬 呂蒙Ver.,P,高尾,,,,,,,,
P_8c56360629,P一騎当千SS斬 孫策Ver.,P,高尾,,,,,,,,
P_589a5a4ed5,P一騎当千サバイバルソルジャー 甘デジVer.,P,高尾,,,,,,,,
P_109ac77faf,P七つの大罪2 GFPA,P,サミー,,,,,,,,
P_d49ba3077b,P七つの大罪2 神千斬りVER.,P,サミー,,,,,,,,
P_b60525a266,P七つの美徳 ゴールデンエンジェルタイム V1G,P,高尾,,,,,,,,
P_1b30219738,P七つの美徳 ゴールデンエンジェルタイム スイート99Ver.,P,高尾,,,,,,,,
P_aa18d61d63,P世界でいちばん強くなりたい! MU,P,サンセイR&D,,,,,,,,
P_716c87edd3,P世界でいちばん強くなりたい! W悶STARver,P,サンセイR&D,,,,,,,,
P_06075322f3,P世界最高の暗殺者、異世界貴族に転生する JMB,P,JFJ,,,,,,,,
P_0486e1557d,P世紀末・天才バカボン～神SPEC 凱旋～ FM-JV,P,ディ・ライト,,,,,,,,
P_533ff48516,P世紀末・天才バカボン～福神SPEC～ LTH-JH,P,ディ・ライト,,,,,,,,
P_b9500788b7,P中森明菜・歌姫伝説 THE BEST LEGEND 1/199ver,P,ディ・ライト,,,,,,,,
P_d1bea83e7a,P中森明菜・歌姫伝説 THE BEST LEGEND 1/99ver,P,大一商会,,,,,,,,
P_6e917f479a,P中森明菜・歌姫伝説 THE BEST LEGEND4 LM-T,P,大一商会,,,,,,,,
P_ce4cc658df,P中森明菜・歌姫伝説～BLACK DIVA 愛～ KD-NS,P,ディ・ライト,,,,,,,,
P_275b334573,P中森明菜・歌姫伝説～BLACK DIVA 極～ KM-TF,P,ディ・ライト,,,,,,,,
P_cc097a47a1,P乗物娘 WITH CYBERJAPAN(R) DANCERS M5-K1,P,ニューギン,,,,,,,,
P_ebd56c4f31,P乗物娘 with CYBER JAPAN DANCERS 2nd season LM3,P,ニューギン,,,,,,,,
P_884a53516f,P亜人～衝戟に備えろ!～ 199ver.,P,平和,,,,,,,,
P_7b49007521,P亜人～衝戟の全突フルスペック!～ 319ver.,P,平和,,,,,,,,
P_fa81c32791,P交響詩篇エウレカセブン ANEMONE SFPA,P,サミー,,,,,,,,
P_62c79b29b9,P交響詩篇エウレカセブン HI-EVOLUTION ZERO SEJD,P,サミー,,,,,,,,
P_89e84b3283,P俺の妹がこんなに可愛いわけがない。 攻略!!スキップ159ver.,P,京楽産業．,,,,,,,,
P_154f731dc5,P元祖ギンギラパラダイス HCB,P,サンスリー,,,,,,,,
P_a4f38121a8,P元祖大工の源さん 199ver.,P,三洋,,,,,,,,
P_a146d43c44,P冴えない彼女の育てかた 99ver.,P,大都技研,,,,,,,,
P_06a8789c62,P刀使ノ巫女 MHa,P,西陣,,,,,,,,
P_a842459e76,P化物語 199ver.,P,サミー,,,,,,,,
P_88ecc45a24,P化物語 319ver.,P,サミー,,,,,,,,
P_d8172f6944,P北斗の拳 強敵 LT SSPA,P,サミー,北斗の拳,,,,,,,
P_b467b5b3da,P北斗の拳 暴凶星 SFPA,P,サミー,北斗の拳,,,,,,,
P_b559cd62e0,P咲-Saki-全国編 HTG,P,三洋,,,,,,,,
P_ebf0f9f465,P咲-Saki-全国編 テンパイ即リーver.,P,三洋,,,,,,,,
P_09b611741c,P哲也 AM-JV,P,大一商会,,,,,,,,
P_b27aeafc4a,P地獄少女 Light,P,藤商事,,,,,,,,
P_4b11808f4d,P地獄少女 きくりのお祭りLIVE FWA,P,藤商事,,,,,,,,
P_238c23d7bf,P地獄少女 四 JG,P,JFJ,,,,,,,,
P_c5f2057bcd,P地獄少女 華 FMB,P,藤商事,,,,,,,,
P_e914bcf45b,P地獄少女覚醒 3000Ver.,P,藤商事,,,,,,,,
P_e2ba910aee,P大工の源さん 超韋駄天 BLACK CS,P,三洋,,,,,,,,
P_cbac296c1d,P大工の源さん 超韋駄天 LIGHT,P,三洋,,,,,,,,
P_b31705e320,P大工の源さん 超韋駄天 YTA,P,三洋,,,,,,,,
P_21372e7b98,P大工の源さん超韋駄天2 極源LighT,P,三洋,,,,,,,,
P_0ef4fcbbfa,P大海物語4 スペシャル BLACK SCA,P,三洋,海物語,,,,,,,
P_886a301c3e,P大海物語4 スペシャル E,P,三洋,海物語,,,,,,,
P_a5499448e9,P大海物語4スペシャル BLACK SCA,P,三洋,海物語,,,,,,,
P_dc5b5781ec,P大海物語4スペシャル E,P,三洋,海物語,,,,,,,
P_0264d647ff,P大海物語5 MTE2,P,三洋,海物語,,,,,,,
P_14dc0cfb6f,P大海物語5 ブラック HCL,P,三洋,海物語,,,,,,,
P_c67908752a,P大海物語5スペシャル ALTA,P,三洋,海物語,,,,,,,
P_23119d27b5,P大開王 X,P,ジェイビー,,,,,,,,
P_7653ab6c1a,P天昇!姫相撲 大横綱ver,P,大一商会,,,,,,,,
P_4b5a915e44,P天龍∞2 V,P,マルホン,,,,,,,,
P_81c8ea0d71,P宇宙戦艦ヤマト2202 -ONLY ONE- LIGHT ver.,P,ビスティ,,,,,,,,
P_7ce8620071,P宇宙戦艦ヤマト2202 -ONLY ONE- R,P,ビスティ,,,,,,,,
P_f19aebb9b6,P宇宙戦艦ヤマト2202 愛の戦士たち Light ver.,P,ビスティ,,,,,,,,
P_bcbc3e282c,P宇宙戦艦ヤマト2202 愛の戦士たち bS,P,ビスティ,,,,,,,,
P_6a3c77949d,P少女☆歌劇 レヴュースタァライト ラッキートリガー4500,P,豊丸,,,,,,,,
P_5cef80d34a,P巨人の星 一球入魂 3000,P,サンセイR&D,,,,,,,,
P_9840ce3a5b,P巨人の星～栄光の軌跡～ 連戦連勝version,P,サンセイR&D,,,,,,,,
P_63f336d1a4,P弾球黙示録カイジ5 電撃チャージVer.A,P,高尾,,,,,,,,
P_294867df92,P弾球黙示録カイジ沼4 ざわ・・・Ver.,P,高尾,,,,,,,,
P_d60fbd711c,P弾球黙示録カイジ沼5 V1U,P,高尾,,,,,,,,
P_5fe9bbdbac,P弾球黙示録カイジ沼5 ざわっ・・・79Ver.,P,高尾(オーイズミ),,,,,,,,
P_e3d890073f,P弾球黙示録カイジ沼４ カイジVer.,P,高尾,,,,,,,,
P_c032bd5713,P忍者ハットリくん～決戦!サイバーからくり城の巻～ 上忍ver.,P,大一商会,,,,,,,,
P_d8978cb098,P忍者ハットリくん～決戦!サイバーからくり城の巻～ 中忍ver.,P,大一商会,,,,,,,,
P_89c16d5115,P愛の不時着 MF,P,メーシー,,,,,,,,
P_a63dbfbbdc,P戦国BASARA L4-7V1,P,ニューギン,,,,,,,,
P_f6d1fcbca9,P戦国†恋姫 Vチャージver JCC,P,藤商事,,,,,,,,
P_32ea4b2f51,P戦国乙女 LEGEND BATTLE 99ver.,P,アムテックス,戦国乙女,,,,,,,
P_246e5b2508,P戦国乙女 LEGEND BATTLE M2AZ1Y,P,アムテックス,戦国乙女,,,,,,,
P_15038ca5cf,P戦国乙女5 1/219～1/184ver.,P,アムテックス,戦国乙女,,,,,,,
P_3619dacc00,P戦国乙女5 9AU1,P,アムテックス,戦国乙女,,,,,,,
P_a695cdff9a,P戦国乙女6 暁の関ヶ原 M2AZ1Y,P,アムテックス,戦国乙女,,,,,,,
P_fa0bbfbc3b,P戦国乙女6 暁の関ヶ原 甘デジ,P,アムテックス,戦国乙女,,,,,,,
P_659e7ab30c,P戦国乙女7 終焉の関ケ原 99ver.,P,アムテックス,戦国乙女,,,,,,,
P_c8c52c0897,P戦国乙女7 終焉の関ケ原 L9YY7,P,アムテックス,戦国乙女,,,,,,,
P_99c927c8c1,P戦国乙女7 終焉の関ケ原 LLサイズ 299ver.,P,アムテックス,戦国乙女,,,,,,,
P_01fb6caa9d,P攻殻機動隊SAC_2045 199LTver.,P,ディ・ライト,,,,,,,,
P_152cbf4fe5,P攻殻機動隊SAC_2045 大入りLTver,P,ディ・ライト,,,,,,,,
P_eb8c98b3cb,P新・遠山の金さん 77Ver.,P,JFJ,,,,,,,,
P_287e66a832,P新・遠山の金さん JQC,P,JFJ,,,,,,,,
P_2965bb866a,P新世紀エヴァンゲリオン 決戦 ～真紅～ W,P,ビスティ,エヴァンゲリオン,,,,,,,
P_683174558b,P新世紀エヴァンゲリオン ～未来への咆哮～,P,ビスティ,エヴァンゲリオン,,,,,,,
P_de23bca474,P新世紀エヴァンゲリオン ～未来への咆哮～ PREMIUM MODEL,P,ビスティ,エヴァンゲリオン,,,,,,,
P_1ae1af260c,P新世紀エヴァンゲリオン ～未来への咆哮～ SPECIAL EDITION F,P,ビスティ,エヴァンゲリオン,,,,,,,
P_4cfe359d30,P新世紀エヴァンゲリオン～シト、新生～ G,P,ビスティ,エヴァンゲリオン,,,,,,,
P_3ce20338e3,P新世紀エヴァンゲリオン～シト、新生～ プレミアムモデル,P,ビスティ,エヴァンゲリオン,,,,,,,
P_1537f3f514,P新世紀エヴァンゲリオン～未来への咆哮～,P,ビスティ,エヴァンゲリオン,,,,,,,
P_e4a4574ac6,P新日本プロレスリング L6AU3S,P,アムテックス,,,,,,,,
P_ea6cccd6cf,P新鬼武者 H1YZ3,P,平和,,,,,,,,
P_7d6fdd06a1,P新鬼武者 甘デジ,P,平和,,,,,,,,
P_910acbd100,P春一番～恋絵巻～ 199ver.,P,西陣,,,,,,,,
P_f85e142630,P春夏秋冬 GLB,P,西陣,,,,,,,,
P_bcd41dbbcc,P暴れん坊将軍 炎獄鬼神の怪 FW設定付,P,藤商事,,,,,,,,
P_32b37e46b6,P水戸黄門 超極上 らいとばーじょん,P,京楽産業．,,,,,,,,
P_04ef856ceb,P江頭2:50inナナシーLT V3,P,豊丸,,,,,,,,
P_2e61bcfd19,P沖7 BLACK,P,マルホン,,,,,,,,
P_f026668c67,P海物語 極JAPAN HTH,P,三洋,海物語,,,,,,,
P_dbb60b1bfa,P清流物語4 ヌシを求めて4000匹 HLC,P,サンスリー,,,,,,,,
P_84d5f0d0e7,P火曜サスペンス劇場3 最後の推理 GFC,P,サミー,,,,,,,,
P_598cc185a7,P炎のドラム魂 GA,P,ニューギン,,,,,,,,
P_02eedd8be5,P烈火の炎3 H1AZ4,P,平和,,,,,,,,
P_153ff92ee6,P烈火の炎3 甘デジVer.,P,平和,,,,,,,,
P_4e87e71216,P牙狼 月虹ノ旅人 MC,P,サンセイR&D,牙狼,,,,,,,
P_993ec9d8cf,P牙狼11～冴島大河～XX MU,P,サンセイR&D,牙狼,,,,,,,
P_befc0c0d71,P牙狼GOLD IMPACT XX-MZ,P,サンセイR&D,牙狼,,,,,,,
P_63a7a9258a,P牙狼MUSEUM MA,P,サンセイR&D,牙狼,,,,,,,
P_8a3682fb98,P牙狼コレクション RJ,P,サンセイR&D,牙狼,,,,,,,
P_c447d2e2d9,P牙狼コレクション 遊タイムver.,P,サンセイR&D,牙狼,,,,,,,
P_4f800445fa,P牙狼月虹ノ旅人絆 GIGA GHOST ver.,P,サンセイR&D,牙狼,,,,,,,
P_0508e67276,P犬夜叉2 FM-N,P,ディ・ライト,,,,,,,,
P_4c9f04893b,P甲鉄城のカバネリ 319 覚醒Ver.,P,サミー,,,,,,,,
P_7856162d51,P甲鉄城のカバネリ ～4000連激ver.～,P,サミー,,,,,,,,
P_5512711e34,P異世界魔王と召喚少女の奴隷魔術 L3-X,P,ニューギン,,,,,,,,
P_515da1e54d,P痛いのは嫌なので防御力に極振りしたいと思います。 FHZ,P,藤商事,,,,,,,,
P_acc0c1edb3,P痛いのは嫌なので防御力に極振りしたいと思います。 極振り129ver,P,藤商事,,,,,,,,
P_95a989881e,P百花繚乱 FM-JF,P,ディ・ライト,,,,,,,,
P_a3a6e2ab71,P百花繚乱 ご奉仕129ver.,P,ディ・ライト,,,,,,,,
P_6e0de63d8a,P盾の勇者の成り上がり GFPC,P,サミー,,,,,,,,
P_55a7b09ddc,P真 黄門ちゃま 9YU1Y,P,平和,,,,,,,,
P_2727f04585,P真 黄門ちゃま H1AZ5,P,平和,,,,,,,,
P_e2b4ee2f88,P真シャカRUSH G,P,マルホン,,,,,,,,
P_0e2c03fbb3,P真・一騎当千 FM-V,P,大一商会,,,,,,,,
P_9cab620240,P真・一騎当千 Light Ver.,P,大一商会,,,,,,,,
P_0dc887feeb,P真・一騎当千～桃園の誓い～ 199LTver.,P,ディ・ライト,,,,,,,,
P_107c39babb,P真・一騎当千～桃園の誓い～ FM-JT,P,ディ・ライト,,,,,,,,
P_d812aabdfa,P真・一騎当千～桃園の誓い～129ver.,P,ディ・ライト,,,,,,,,
P_d1e43015f2,P真・北斗無双 Re:319ver.,P,サミー,北斗の拳,,,,,,,
P_ae85bb168a,P真・北斗無双 第2章 頂上決戦Ver.,P,サミー,北斗の拳,,,,,,,
P_f03ca4c4dc,P真・北斗無双 第3章 SFJ,P,サミー,北斗の拳,,,,,,,
P_80e1daaa0c,P真・北斗無双 第3章 ジャギの逆襲 GEE,P,サミー,北斗の拳,,,,,,,
P_999d55148e,P真・北斗無双 第3章 覚醒闘舞 GCD,P,サミー,北斗の拳,,,,,,,
P_c96ae1e699,P真・北斗無双 第4章 GFPH,P,サミー,北斗の拳,,,,,,,
P_29803c3817,P真・北斗無双 第4章 下剋上闘 GRPJ,P,サミー,北斗の拳,,,,,,,
P_e04c30da22,P真・怪獣王ゴジラ2 L2-K,P,ニューギン,,,,,,,,
P_898aac5ff7,P真・暴れん坊将軍 双撃 FMG,P,藤商事,,,,,,,,
P_5442234474,P真・牙狼 RS,P,サンセイR&D,牙狼,,,,,,,
P_c5afb725f8,P真・牙狼2 RP,P,サンセイR&D,牙狼,,,,,,,
P_da40eaab2b,P真・花の慶次2 漆黒の衝撃 EXTRA RUSH M3-VC,P,ニューギン,花の慶次,,,,,,,
P_e9f80d0023,P真・花の慶次3 -黄金一閃- TL5-MX,P,ニューギン,花の慶次,,,,,,,
P_dec91af44e,P真・花の慶次3 99ver.,P,ニューギン,花の慶次,,,,,,,
P_46ac6be556,P真・花の慶次3 L12-K,P,ニューギン,花の慶次,,,,,,,
P_e24c3221c7,P真・花の慶次3 黄金一閃 TL5-MX,P,ニューギン,花の慶次,,,,,,,
P_768492e8fb,P真速のガッチャマン XINN,P,七匠,,,,,,,,
P_efce1c83c7,P神・天才バカボン ～神 SPEC～,P,大一商会,,,,,,,,
P_9380148896,P神・天才バカボン ～神 SPEC～ FN-F,P,大一商会,,,,,,,,
P_7a0c6815a0,P神・天才バカボン～甘神SPEC～ FD-RS,P,大一商会,,,,,,,,
P_19be1b821e,P神・天才バカボン～神SPEC～ FN-F,P,大一商会,,,,,,,,
P_92bb0775c0,P笑ゥせぇるすまん 最後の忠告 -今日のお客様はあなたです- MPY2,P,サンセイR&D,,,,,,,,
P_5eeffbf9e2,P笑点 目指せ!座布団10枚 MU,P,サンセイR&D,,,,,,,,
P_1eaca5c924,P結城友奈は勇者である MAa,P,西陣,,,,,,,,
P_96ddc5649d,P絶超電役ドラドラ天国 2400,P,豊丸,,,,,,,,
P_72800d6667,P緋弾のアリア ～緋緋神降臨～ 199Ver.,P,藤商事,,,,,,,,
P_8487e24a8c,P緋弾のアリア ～緋緋神降臨～ 88Ver.,P,藤商事,,,,,,,,
P_1d173849d5,P緋弾のアリア ～緋緋神降臨～ ラッキートリガーVer.,P,藤商事,,,,,,,,
P_53403a3922,P緋弾のアリア～緋弾覚醒編～ 319Ver.,P,JFJ,,,,,,,,
P_415d6e0bc2,P緋弾のアリア～緋弾覚醒編～ FVA,P,藤商事,,,,,,,,
P_e99ad3c54c,P織田信奈の野望 全国版 MGa,P,西陣,,,,,,,,
P_a670c405dd,P義風堂々!!～兼続と慶次～ M3-X,P,ニューギン,花の慶次,,,,,,,
P_fcf2734cc1,P義風堂々!!～兼続と慶次～ M6-X,P,ニューギン,花の慶次,,,,,,,
P_c10b387dd4,P義風堂々!!～兼続と慶次～ N-X,P,ニューギン,花の慶次,,,,,,,
P_27bc584348,P義風堂々!!～兼続と慶次～3 199ver.,P,ニューギン,花の慶次,,,,,,,
P_00dcf0d6ee,P羽根モノ スカイレーサー DX,P,ジェイビー,,,,,,,,
P_2e381436bd,P聖戦士ダンバイン2 -ZEROLIMIT HYPER- HSFJA,P,サミー,,,,,,,,
P_4d6f33b053,P聖闘士星矢 超流星 LIGHT,P,三洋,,,,,,,,
P_1c0477afaa,P聖闘士星矢 超流星 女神ゴールドver. 1500,P,三洋,,,,,,,,
P_acdac68101,P聖闘士星矢 超流星 星矢ゴールドver. 92%,P,三洋,,,,,,,,
P_36033512f0,P花の慶次 裂 蓮極129ver.,P,ニューギン,花の慶次,,,,,,,
P_a7642d4de6,P花の慶次～蓮 L16-V,P,ニューギン,花の慶次,,,,,,,
P_7c2a927ab3,P花の慶次～蓮 M-V YT550,P,ニューギン,花の慶次,,,,,,,
P_172ddd6f2a,P花満開 月光 THE FINAL,P,西陣,,,,,,,,
P_869066a2f5,P華牌R～猿渡翔がローズテイルにやってきた～ Y2F,P,豊丸,,,,,,,,
P_ece81022c3,P蒼天の拳 双龍 SFG,P,サミー,,,,,,,,
P_3ead4cecfe,P蒼天の拳 天刻 GEA,P,サミー,,,,,,,,
P_b967a1505c,P覇穹 封神演義 DL3-MX,P,ニューギン,,,,,,,,
P_cc386d28c6,P豊丸ととある企業の最新作2 SOD 99ver.,P,豊丸,,,,,,,,
P_ecdc91a565,P貞子 FMD,P,藤商事,,,,,,,,
P_b9078ddec8,P貞子3D 2～呪われた12時間～ S2B,P,高尾,,,,,,,,
P_9b96780213,P貞子3D3 V1B,P,高尾,,,,,,,,
P_eec5b0bbd2,P貞子vs伽椰子 頂上決戦 FUZ,P,藤商事,,,,,,,,
P_e3df0fadd3,P転生したらスライムだった件 129ver.,P,サンセイR&D,,,,,,,,
P_2c76858376,P転生したらスライムだった件 NB,P,サンセイR&D,,,,,,,,
P_49f0a7b31c,P遠山の金さん2 遠山桜と華の密偵 JUD,P,藤商事,,,,,,,,
P_79a938bc94,P野生の王国GO 99ver.,P,ニューギン,,,,,,,,
P_0905647d25,P野生の王国GO M-T YT800,P,ニューギン,,,,,,,,
P_cbe90449e1,P鉄拳 極,P,ビスティ,,,,,,,,
P_849287228b,P銀河鉄道999 GOLDEN 甘デジ,P,アムテックス,,,,,,,,
P_e9fbf10ac8,P銀河鉄道999 Next Journey 1/100Ver.,P,アムテックス,,,,,,,,
P_1adcdd63dd,P銀河鉄道999 Next Journey H1AZ3,P,アムテックス,,,,,,,,
P_891d775e77,P銀河鉄道999 PREMIUM H1AU6,P,アムテックス,,,,,,,,
P_aef1f73b7c,P銭形平次2 V2L,P,高尾,,,,,,,,
P_7408a22bc8,P銭形平次3 DENKOUSEKKA 平次Ver.,P,高尾,,,,,,,,
P_92b69bb099,P銭形平次3 お静99,P,高尾,,,,,,,,
P_c36fe4dc2f,P閃乱カグラ 189大入りver.,P,ディ・ライト,,,,,,,,
P_c3b37e5ab9,P闘将覇伝 HSJ-W,P,ジェイビー,,,,,,,,
P_a7d02a4799,P頭文字D 2nd GFPG,P,サミー,,,,,,,,
P_deea53d338,P頭文字D Non-Stop 3000Edition GRPE,P,サミー,,,,,,,,
P_84492af212,P頭文字D SEJG,P,サミー,,,,,,,,
P_98f2441ab7,P魔法少女まどか☆マギカ3 LM3,P,京楽産業．,まどか☆マギカ,,,,,,,
P_e7a928d68d,P魔法少女リリカルなのは 2人の絆 XCB,P,三洋,バジリスク,,,,,,,
P_8bbad52a7d,P魔王学院の不適合者 FMY,P,藤商事,,,,,,,,
P_7ced35556a,P鳳凰∞ 2,P,マルホン,,,,,,,,
P_927fe5a1a2,P麻雀物語4 77ver.,P,平和,,,,,,,,
P_9162ba081f,P麻雀物語4 M1AU1Y,P,平和,,,,,,,,
P_1189fa97d9,P黄門ちゃま寿限無 99ver.,P,平和,,,,,,,,
P_92ba428d3d,P黄門ちゃま寿限無 LLサイズ 259ver.,P,平和,,,,,,,,
P_94f20143f8,P黄門ちゃま神盛2 L9AZ1,P,アムテックス,,,,,,,,
P_340da4828c,Re:ゼロから始める異世界生活 鬼がかりver.,P,大都技研,リゼロ,,,,,,,
P_c5163d15ef,e GODZILLA7 TYPE-CRASH,P,ニューギン,ゴッド,,,,,,,
P_21a0e5996c,e RAVE 覚聖ループ JMC,P,JFJ,,,,,,,,
P_61994a3e89,e Re:ゼロから始める異世界生活 season2 M13,P,大都技研,リゼロ,,,,,,,
P_34a99c217d,e ULTRAMAN 2400★80,P,オッケー．,,,,,,,,
P_da61fd897a,e ULTRAMAN 4500超ライト,P,オッケー．,,,,,,,,
P_ebb5594b83,e アズールレーン2 THE ANIMATION 超次元 K6,P,京楽産業．,,,,,,,,
P_3694e32946,e ゴジラ対エヴァンゲリオン セカンドインパクト G～破壊神覚醒～ bA,P,ビスティ,エヴァンゲリオン,,,,,,,
P_bd12f73696,e ゴジラ対エヴァンゲリオン2 超デカゴールド,P,ビスティ,エヴァンゲリオン,,,,,,,
P_0c8530168f,e シン・ウルトラマン K3,P,オッケー．,,,,,,,,
P_b9ba349548,e スマパチ SSSS.GRIDMAN XVSM,P,七匠,,,,,,,,
P_cc64d61739,e スマパチ SSSS.GRIDMAN メガSTART 159ver.,P,七匠,,,,,,,,
P_4618504896,e スマパチ シン・エヴァンゲリオン Type ゲンドウ,P,ビスティ,エヴァンゲリオン,,,,,,,
P_b5042dd77b,e ソードアート・オンライン 閃光の軌跡 99Ver.,P,京楽産業．,ソードアート・オンライン,,,,,,,
P_750e7c6ed1,e ソードアート・オンライン 閃光の軌跡 K7,P,京楽産業．,ソードアート・オンライン,,,,,,,
P_8d5668fa63,e ノーゲーム・ノーライフ 199Ver.,P,高尾(オーイズミ),,,,,,,,
P_bd533d8c84,e ノーゲーム・ノーライフ 319Ver.,P,高尾(オーイズミ),,,,,,,,
P_967eaacce0,e バイオハザード6 APN,P,七匠,,,,,,,,
P_f7a60e93fe,e ベルセルク無双 第2章 H3,P,ニューギン,,,,,,,,
P_ef0bf83921,e マギアレコード 魔法少女まどか☆マギカ外伝 KRJ1,P,京楽産業．,まどか☆マギカ,,,,,,,
P_8fe77d3cd9,e 乃木坂46 Ⅱ K4,P,京楽産業．,,,,,,,,
P_977892bb56,e 乃木坂46 Ⅱ SWEET Version,P,京楽産業．,,,,,,,,
P_942f88fc6a,e 仮面ライダーBLACK KRJ2,P,京楽産業．,,,,,,,,
P_9182d03d24,e 仮面ライダー電王 KL12,P,京楽産業．,,,,,,,,
P_2b9419ff94,e 仮面ライダー電王 デカヘソ239,P,京楽産業．,,,,,,,,
P_ce89b519ec,e 化物語 鬼99ver.,P,サミー,,,,,,,,
P_96d00d4aeb,e 北斗の拳11 暴凶星 SHEF,P,サミー,北斗の拳,,,,,,,
P_e906c3d7de,e 学園黙示録ハイスクール・オブ・ザ・デッド3 V1A,P,高尾(オーイズミ),,,,,,,,
P_301c3e47ad,e 新・必殺仕置人S 超斬撃99,P,京楽産業．,,,,,,,,
P_c91c5e648d,e 新世紀エヴァンゲリオン ～はじまりの記憶～ R,P,ビスティ,エヴァンゲリオン,,,,,,,
P_09426a8154,e 東京喰種 W,P,ビスティ,東京喰種,,,,,,,
P_7513f0ecaf,e 東京喰種 超デカ 超一撃 ver.,P,ビスティ,東京喰種,,,,,,,
P_a7c61be61d,e 犬夜叉3.0 LTM-TS,P,ディ・ライト,,,,,,,,
P_1b47bcd2f4,e 甲鉄城のカバネリ2 咲かせや燦然 GFEA,P,サミー,,,,,,,,
P_7d4ca4a64a,e 盾の勇者の成り上がり アルティメット199ver.,P,サミー,,,,,,,,
P_3017ff112c,e 真・北斗無双 第5章 夢幻闘双 SCEA,P,サミー,北斗の拳,,,,,,,
P_3bf8ee0806,e 終末のワルキューレ EREA,P,サミー,,,,,,,,
P_2404fe9628,e 聖戦士ダンバイン3 ZEROSONIC GREA,P,サミー,,,,,,,,
P_522d7824a8,e 魔法少女まどか☆マギカ3 時間遡行～始まりの願い～ LPM1,P,京楽産業．,まどか☆マギカ,,,,,,,
P_7880fd1709,e86-エイティシックス- MAM2,P,アムテックス,,,,,,,,
P_a9be3234e9,eうしおととら～神のせSPEC～ 150ver.,P,ディ・ライト,,,,,,,,
P_1a4b45900e,eとある科学の超電磁砲 PHASE NEXT LT RSY,P,オレンジ,,,,,,,,
P_41c2e679b8,eとある科学の超電磁砲 PHASE NEXT LTRSY,P,オレンジ,,,,,,,,
P_e8c350dcf0,eぱちんこ 新・必殺仕置人S 激闘K6,P,京楽産業．,,,,,,,,
P_63bb64a943,eぱちんこ押忍!番長 漢の頂 L09,P,大都技研,番長,,,,,,,
P_157d26301d,eひきこまり吸血姫の悶々 FHV,P,藤商事,,,,,,,,
P_2cd30f649b,eまわるん超ワープ ギンギラパラダイス VIVA FESTA HTA2,P,サンスリー,,,,,,,,
P_3d03eb465e,eようこそ実力至上主義の教室へ MA,P,サンセイR&D,,,,,,,,
P_1f2ae4e51e,eアクダマドライブ EHLT,P,三洋,,,,,,,,
P_657ad4ab7e,eカケグルイ 7500ver,P,ディ・ライト,,,,,,,,
P_ecca44c975,eガールズ＆パンツァー 最終章 LAH1,P,平和,,,,,,,,
P_466030c8f4,eキャッツ・アイ H4YZ3,P,平和,,,,,,,,
P_b9a16e4dc2,eキョンシー ライトミドル 新CタイムVer.,P,ニューギン,,,,,,,,
P_dc3734ddb7,eゴッドイーター TRIPLE BURST MJ,P,サンセイR&D,ゴッド,,,,,,,
P_e9a919a361,eシャーマンキング MH,P,メーシー,,,,,,,,
P_d0908a228b,eシャーマンキング でっけぇえなver.,P,メーシー,,,,,,,,
P_7a6b2f4bc8,eスマパチ シン・エヴァンゲリオン Type カヲル,P,ビスティ,エヴァンゲリオン,,,,,,,
P_175c2f55d7,eスマパチ フィーバーマクロスフロンティア5 V,P,SANKYO,,,,,,,,
P_ef74208573,eスマートぱちんこ ソードアート・オンライン K12,P,京楽産業．,ソードアート・オンライン,,,,,,,
P_4604205b4a,eソードアート・オンライン オルタナティブ ガンゲイル・オンライン M08,P,大都技研,ソードアート・オンライン,,,,,,,
P_9b34b3f52b,eパリピ孔明 NB,P,サンセイR&D,,,,,,,,
P_1f02c418ae,eフィーバー デッドマウント・デスプレイ 魂神9000,P,SANKYO,,,,,,,,
P_90507120c0,eフィーバーBASTARD!! -暗黒の破壊神- G,P,SANKYO,,,,,,,,
P_d3f9ae54a2,eフィーバーうたわれるもの Z,P,SANKYO,,,,,,,,
P_ac10d15c2a,eフィーバーからくりサーカス2 魔王ver.,P,SANKYO,,,,,,,,
P_c0aded43ee,eフィーバーもののがたり F,P,SANKYO,,,,,,,,
P_ab30d1aa63,eフィーバーキン肉マン,P,SANKYO,,,,,,,,
P_49e88d4a0d,eフィーバーダンジョンに出会いを求めるのは間違っているだろうか2 G,P,SANKYO,,,,,,,,
P_0e23997986,eフィーバーダンベル何キロ持てる？2 F,P,SANKYO,,,,,,,,
P_0e37a6892d,eフィーバーブルーロック MZ,P,SANKYO,,,,,,,,
P_42f79e44aa,eフィーバー彼女、お借りします H,P,SANKYO,,,,,,,,
P_c44357085d,eフィーバー戦姫絶唱シンフォギア4 キャロルver.,P,SANKYO,,,,,,,,
P_88c06bf5a6,eフィーバー機動戦士ガンダムユニコーン 再来 -白き一角獣と黒き獅子- R,P,SANKYO,,,,,,,,
P_2cef84bc0b,eフィーバー炎炎ノ消防隊2 シンラver.,P,SANKYO,,,,,,,,
P_f9bcf5f2b3,eフィーバー炎炎ノ消防隊2 紅丸ver.,P,SANKYO,,,,,,,,
P_0c1e74e7da,eライザのアトリエ 常闇の女王と秘密の隠れ家 K3,P,京楽産業．,,,,,,,,
P_121656133d,eラグナドール 妖しき皇帝と終焉の夜叉姫 CMB,P,メーシー,,,,,,,,
P_dc3a0db759,eリコリス・リコイル M3,P,ニューギン,,,,,,,,
P_5baa4ca149,eリング 最恐領域 RHA,P,オレンジ,,,,,,,,
P_201501d277,eルパン三世 ONE COLLECTION 超ブチヌキLT ver.,P,平和,ルパン三世,,,,,,,
P_90652f20e0,eルパン三世 THE FIRST H4YZ3,P,平和,ルパン三世,,,,,,,
P_dc1c04754a,eルパン三世 銭形からの招待状 H4YZ6,P,平和,ルパン三世,,,,,,,
P_e08f312a38,eルパン三世VSキャッツ・アイ 157ver. 極限突破ブッた斬り7500,P,アムテックス,ルパン三世,,,,,,,
P_d36065073a,eルパン三世VSキャッツ・アイ MAH4,P,平和,ルパン三世,,,,,,,
P_e7e4214ec4,eワンパンマン2～正義執行 LM10,P,ニューギン,,,,,,,,
P_a630973d5f,e一方通行 とある魔術の禁書目録 JKZ,P,JFJ,,,,,,,,
P_032fc5ebe3,e冒険島 EHLC2,P,三洋,,,,,,,,
P_a3d110e23b,e冥妃転生 CMP,P,メーシー,,,,,,,,
P_f71a43c7a5,e冴えない彼女の育てかた LX04,P,大都技研,,,,,,,,
P_0a87b42857,e地獄少女 7500Ver.,P,オレンジ,,,,,,,,
P_1abd3e7de8,e大工の源さん超韋駄天2 フルスイングLT,P,三洋,,,,,,,,
P_bcd20540bb,e大海物語5スペシャル ELTA4,P,三洋,海物語,,,,,,,
P_782fd78664,e女神のカフェテラス FLX,P,JFJ,,,,,,,,
P_0b692d67de,e女神のカフェテラス JLZ,P,JFJ,,,,,,,,
P_fd8ddc34c0,e新・必殺仕置人 超斬撃199,P,京楽産業．,,,,,,,,
P_efb76261af,e新海物語349 ELTH,P,三洋,海物語,,,,,,,
P_65467f7c2e,e東京リベンジャーズ GFEC,P,サミー,,,,,,,,
P_8f5c0fb0bb,e源外伝 EPISODE OF -大龍- EHLG,P,三洋,,,,,,,,
P_20721fdec3,e牙狼 神速神撃3000LT,P,サンセイR&D,牙狼,,,,,,,
P_1f29a7a8fb,e牙狼11～冴島大河～ 魔戒BURST Ver.,P,サンセイR&D,牙狼,,,,,,,
P_a9fd9309b8,e牙狼12黄金騎士極限 XX-MJ,P,サンセイR&D,牙狼,,,,,,,
P_7eaf9baba1,e異世界でチート能力を手にした俺は現実世界をも無双する ～レベルアップは人生を変えた～ FSZ,P,藤商事,,,,,,,,
P_57adfa24e9,e真・一騎当千～軍神覚醒～ 319大入りver.,P,ディ・ライト,,,,,,,,
P_c10904ac08,e真・北斗無双 第5章 ドデカSTART,P,サミー,北斗の拳,,,,,,,
P_d76de65c6e,e範馬刃牙 199ver.,P,アムテックス,,,,,,,,
P_99cbb04ca4,e範馬刃牙 XAM2,P,アムテックス,,,,,,,,
P_a59b15e455,e義風堂々!!～兼続と慶次～3 DM5-S,P,ニューギン,花の慶次,,,,,,,
P_bce238eba2,e聖闘士星矢 超流星CliMAX349 EHTA,P,三洋,,,,,,,,
P_4b30be94a3,e花の慶次 裂 一刀両断 DL2-MX,P,ニューギン,花の慶次,,,,,,,
P_c806ceb2d7,e花の慶次～傾奇一転 L2-MX,P,ニューギン,花の慶次,,,,,,,
P_e59c40f240,e花の慶次～黄金の一撃 H4,P,ニューギン,花の慶次,,,,,,,
P_1b36a63df0,e蒼天の拳 羅龍 SREN,P,サミー,,,,,,,,
P_24da02b850,e転生したらスライムだった件2 MF,P,サンセイR&D,,,,,,,,
P_8e85d5162e,e閃乱カグラ LTM-JF,P,ディ・ライト,,,,,,,,
P_1126d66c72,e黄門ちゃま寿限無 LLサイズ 9HC3,P,平和,,,,,,,,
P_64ebbdbd2a,ぱちんこCR一騎当千サバイバルソルジャー 319Ver.,P,高尾,,,,,,,,
P_ae242c63df,ぱちんこCR偽物語 199Ver.,P,サミー,,,,,,,,
P_76cf142fed,ぱちんこCR北斗の拳6 天翔百裂 FTB,P,サミー,北斗の拳,,,,,,,
P_b02cfe2aef,ぱちんこCR真・北斗無双 FWN,P,サミー,北斗の拳,,,,,,,
P_ac8e246c66,ぱちんこCR真・北斗無双 夢幻闘乱 SWA,P,サミー,北斗の拳,,,,,,,
P_f39c00a552,ぱちんこCR聖戦士ダンバイン EWNB,P,サミー,,,,,,,,
P_21f9173f52,ぱちんこCR聖戦士ダンバイン FWN,P,サミー,,,,,,,,
P_a8f43af5d4,ぱちんこCR蒼天の拳～天帰～ FWG,P,サミー,,,,,,,,
P_273ac6979a,アマデジPA笑ゥせぇるすまん ドーンといきまSHOW,P,サンセイR&D,,,,,,,,
P_5cc8221558,エヴァンゲリオン フェスティバル,P,ビスティ,エヴァンゲリオン,,,,,,,
P_485f41fa0f,キュインぱちんこ P南国育ち デカパトver.,P,アムテックス,,,,,,,,
P_39079325ba,キュインぱちんこ P南国育ち デカパトver. 甘デジ,P,アムテックス,,,,,,,,
P_4b4e0902e3,スーパー海物語 IN JAPAN祭,P,三洋,海物語,,,,,,,
P_76a5b7509c,デカスタP STEINS；GATE 0 まゆしぃば～じょん,P,ニューギン,,,,,,,,
P_734e8e8e5d,デカスタP戦国無双 100ver.,P,ニューギン,,,,,,,,
P_fe608b7bf5,デカスタP戦国無双 HM3,P,ニューギン,,,,,,,,
P_81cdd179b8,デカスタe花の慶次～傾奇一転 H6,P,ニューギン,花の慶次,,,,,,,
P_8f41ceb319,デジハネCRA聖戦士ダンバイン デジハネver.,P,サミー,,,,,,,,
P_d9b1481d8b,デジハネCR北斗の拳6 慈母 STD,P,サミー,北斗の拳,,,,,,,
P_ff7bc32cec,デジハネP 頭文字D せかんど GCPC,P,サミー,,,,,,,,
P_20d7811c51,デジハネP<物語>シリーズ セカンドシーズン GSA,P,サミー,,,,,,,,
P_a3145c65da,デジハネPA<物語>シリーズ セカンドシーズン GSA,P,サミー,,,,,,,,
P_9145d15e77,デジハネPA交響詩篇エウレカセブン HI-EVOLUTION ZERO,P,サミー,,,,,,,,
P_85191eb31f,デジハネPA真・北斗無双 第2章 連撃Edition,P,サミー,北斗の拳,,,,,,,
P_45ed684bc5,デジハネPあの日見た花の名前を僕達はまだ知らない。 GSC,P,サミー,,,,,,,,
P_065a391e44,デジハネPモンスターハンターライズ GSPB,P,サミー,,,,,,,,
P_2b50d327f7,デジハネP七つの大罪 エリザベスver.,P,サミー,,,,,,,,
P_38e45b6980,デジハネP交響詩篇エウレカセブン ANEMONE 99ver.,P,サミー,,,,,,,,
P_d275eb0fac,デジハネP北斗の拳 慈母 SSPC,P,サミー,北斗の拳,,,,,,,
P_25c02189b6,デジハネP聖戦士ダンバイン2 ZEROSONIC,P,サミー,,,,,,,,
P_86ed0cb28e,"パチスロ Wake Up, Girls! Seven Memories",P,カルミナ,,,,,,,,
P_c4a5468204,パチスロ ツインエンジェルPARTY,P,サミー,,,,,,,,
P_1ac1672cdb,パチスロ ルパン三世(2022年),P,オリンピア,ルパン三世,,,,,,,
P_f9ee40f7aa,パチスロ ルパン三世～イタリアの夢～,P,平和,ルパン三世,,,,,,,
P_762ad9a264,パチスロ 牙狼-守りし者-,P,サンセイR&D,牙狼,,,,,,,
P_e7f6b309b6,パチスロ 真・北斗無双,P,サミー,北斗の拳,,,,,,,
P_ea40dc368c,パチンコCRクイーンズブレイド2 レイナ,P,高尾,,,,,,,,
P_cc6d57c1ee,パチンコCR弾球黙示録カイジ沼3 利根川Ver.,P,高尾,,,,,,,,
P_55a88c1cbe,新世紀エヴァンゲリオン ～魂の共鳴～,P,ビスティ,エヴァンゲリオン,,,,,,,
P_e51125a1b1,牙狼-黄金騎士-,P,サンセイR&D,牙狼,,,,,,,
P_3615b7ca95,秘宝伝～The Last～,P,大都技研,,,,,,,,
P_073de2d019,遊moreLT PエガブレイブVVV AX4,P,豊丸,,,,,,,,
S_afe5fe46fa,A-SLOTツインエンジェルBREAK,S,サミー,,,,,,,,
S_a6cbd47edd,BIG島唄-30,S,平和,,,,,,,,
S_d9eb0fb836,BLACK LAGOON ZERO bullet MAX,S,スパイキー,,,,,,,,
S_a5f11f2195,BLACK LAGOON2,S,スパイキー,,,,,,,,
S_e0f6a81f98,BLACK LAGOON4,S,七匠,,,,,,,,
S_923c176819,CCエンジェル(2021年),S,メーシー,,,,,,,,
S_f543f3c3ce,GⅠ優駿倶楽部,S,KPE,,,,,,,,
S_b3768a1d8b,GⅠ優駿倶楽部3,S,コナミ,,,,,,,,
S_c12e13f59d,HIT128,S,岡崎産業,,,,,,,,
S_bbdaccba89,L A-SLOT+ この素晴らしい世界に祝福を!,S,サミー,,,,,,,,
S_b9be424c14,L A-SLOT+ ディスクアップ ULTRAREMIX,S,サミー,,,,,,,,
S_220a25739f,L D4DJ Pachi-Slot Mix,S,京楽産業．,,,,,,,,
S_1b927747a8,L GⅠ優駿倶楽部黄金,S,コナミ,,,,,,,,
S_587698411f,L HEY!エリートサラリーマン鏡,S,大都技研,,,,,,,,
S_5d887d8936,L Sister Quest(2025年),S,カルミナ,,,,,,,,
S_35fbe8f732,L Sky Love,S,カルミナ,,,,,,,,
S_6dbffef662,L ToLOVEるダークネス,S,オリンピアエステート,,,,,,,,
S_2496d8b5d9,L ToLOVEるダークネス TRANCE ver.8.7,S,オリンピアエステート,,,,,,,,
S_ace1b5cea0,L ULTRAMAN,S,オッケー．,,,,,,,,
S_c0e769bb48,L にゃんこ大戦争 超神速,S,京楽産業．,,,,,,,,
S_710dfd59f7,L ひぐらしのなく頃に 業,S,ディ・ライト,,,,,,,,
S_3be3f3689b,L アカメが斬る!2,S,スパイキー,,,,,,,,
S_eda259c939,L アズールレーン THE ANIMATION,S,京楽産業．,,,,,,,,
S_c01545042e,L ウルトラマンティガ,S,オッケー．,,,,,,,,
S_3f57fd3866,L サラリーマン金太郎(2025年),S,EXCITE,,,,,,,,
S_9405f09016,L スマスロ デビル メイ クライ 5 スタイリッシュトライブ,S,アデリオン,,,,,,,,
S_2efe74ed20,L スマスロ バイオハザード5(2025年),S,エンターライズ,,,,,,,,
S_b34ae9caec,L スマスロバジリスク～甲賀忍法帖～絆2 天膳 BLACK EDITION,S,ミズホ,バジリスク,,,,,,,
S_6b6dac98f1,L ダーリン・イン・ザ・フランキス,S,スパイキー,,,,,,,,
S_ef92b3fc9e,L ベルセルク無双,S,EXCITE,,,,,,,,
S_4313e68063,L リングにかけろ1 V,S,エフ,,,,,,,,
S_edae19defc,L 仮面ライダー 7RIDERS,S,京楽産業．,,,,,,,,
S_fb5361c802,L 仮面ライダー電王,S,京楽産業．,,,,,,,,
S_1bc7ae6a97,L 東京喰種,S,スパイキー,東京喰種,,,,,,,
S_c791cfec27,L 無職転生 ～異世界行ったら本気だす～,S,ニューギン,,,,,,,,
S_8ff8fa7b0d,L 犬夜叉2,S,スパイキー,,,,,,,,
S_3a8aa5fc21,L 真・一騎当千,S,大一商会,,,,,,,,
S_2c2402f5d1,L 絶対衝激Ⅳ,S,アイドル,,,,,,,,
S_2d0651c3ad,L 絶対衝激～PLATONIC HEART～,S,スパイキー,,,,,,,,
S_54ccebaec4,L 荒野のコトブキ飛行隊,S,スパイキー,,,,,,,,
S_bfa3ef2331,L009 RE:CYBORG,S,ニューギン,,,,,,,,
S_a1a90deb0e,LB A-SLOT+ 異世界かるてっと BT,S,サミー,,,,,,,,
S_2029a55693,LB SHAKE BONUS TRIGGER,S,大都技研,,,,,,,,
S_4192484a65,LBアレックス ブライト,S,ユニバーサルブロス,,,,,,,,
S_03fb21c116,LBクレアの秘宝伝 ～はじまりの扉と太陽の石～ ボーナストリガーver.,S,大都技研,,,,,,,,
S_d72f4f9910,LBスマスロ サンダーV(2026年),S,エレコ,,,,,,,,
S_3026b19684,LBスマスロニューパルサーBT,S,山佐,,,,,,,,
S_38ec471f18,LBスマート沖スロ ニューキングハナハナV,S,パイオニア,ハナハナ,,,,,,,
S_4c408a22a6,LBスロットGALFY,S,ｵｰｲｽﾞﾐ･ｱﾐｭｰｼﾞｵ,,,,,,,,
S_6489fe8870,LBパチスロ ヱヴァンゲリヲン ～約束の扉～,S,ビスティ,,,,,,,,
S_22c3d21cde,LBパチスロ1000ちゃんA,S,オーイズミ,,,,,,,,
S_647f0cc24b,LBプレミアムうまい棒,S,オリンピアエステート,,,,,,,,
S_8fca514f34,LBマジカルハロウィン ボーナストリガー,S,コナミ,,,,,,,,
S_64b14a7ba0,LBマタドールⅢ,S,北電子,,,,,,,,
S_e29fa4c740,LB不二子BT,S,アムテックス,,,,,,,,
S_b368e4d32f,LB翔べ!ハーレムエース,S,ネット,,,,,,,,
S_c4032a95de,Lいざ!番長,S,サボハニ,番長,,,,,,,
S_41ca7f1640,Lうしおととら白面決戦VH,S,大一商会,,,,,,,,
S_5df7fc9316,Lうる星やつら(2024年),S,EXCITE,,,,,,,,
S_f06dd4a076,Lてぃだどんどん,S,パオン・ディーピー,,,,,,,,
S_97381baf77,Lぱちスロ にゃんこ大戦争 BIGBANG,S,京楽産業．,,,,,,,,
S_6bd2c98c0b,Lぱちスロ 乃木坂46,S,京楽産業．,,,,,,,,
S_e38e38a700,Lわたしの幸せな結婚,S,コナミ,,,,,,,,
S_34df333997,Lアクダマドライブ,S,サンスリー,,,,,,,,
S_e7e8129746,Lアニマルスロットドッチ,S,北電子,,,,,,,,
S_332f5b5468,Lゴジラ(2025年),S,ニューギン,,,,,,,,
S_4add6df270,Lゴブリンスレイヤー,S,藤商事,,,,,,,,
S_db8b623f2d,Lストライクウィッチーズ2,S,サンスリー,,,,,,,,
S_d010fcde4c,Lスマスロ BIRDIE WING -Golf Girls’ Story-,S,ユニバーサルブロス,,,,,,,,
S_ba35333c31,Lスマスロ とある科学の超電磁砲2,S,藤商事,,,,,,,,
S_2eb1de21ce,Lスマスロ ようこそ実力至上主義の教室へ,S,DAXEL,,,,,,,,
S_c0096a036b,Lスマスロ アイドルマスター ミリオンライブ! ネクストプロローグ,S,山佐,,,,,,,,
S_8eca543f75,Lスマスロ ギルティクラウン2,S,アクロス,,,,,,,,
S_cfae76aa24,Lスマスロ ゲゲゲの鬼太郎 覚醒,S,JFJ,,,,,,,,
S_718bfcf790,Lスマスロ コードギアス 反逆のルルーシュ/復活のルルーシュ,S,サミー,,,,,,,,
S_ab3182b97e,Lスマスロ ゴッドイーター リザレクション,S,セブンリーグ,ゴッド,,,,,,,
S_4137eb61b3,Lスマスロ ゴブリンスレイヤーⅡ,S,JFJ,,,,,,,,
S_27c28fbbb5,Lスマスロ ゴールデンカムイ,S,サミー,,,,,,,,
S_8b8f0825a6,Lスマスロ シャーマンキング,S,エレコ,,,,,,,,
S_fa60619043,Lスマスロ ストライク・ザ・ブラッド,S,エンターライズ,,,,,,,,
S_56ea9882f4,Lスマスロ ストリートファイターV 挑戦者の道,S,エンターライズ,,,,,,,,
S_66221f3729,Lスマスロ スーパーリオエース2,S,山佐ネクスト,,,,,,,,
S_b3aca15e08,Lスマスロ トロピカーナ(2024年),S,ミズホ,,,,,,,,
S_bec05504b8,Lスマスロ ドルアーガの塔,S,ミズホ,,,,,,,,
S_ae8b7639c6,Lスマスロ ハナビ(2026年),S,アクロス,,,,,,,,
S_f87ff5de03,Lスマスロ バイオハザード:ヴィレッジ,S,アデリオン,,,,,,,,
S_aff52f8cbc,Lスマスロ バイオハザード:ヴェンデッタ,S,サミー,,,,,,,,
S_55142f4b90,Lスマスロ バイオハザードRE:3,S,エンターライズ,,,,,,,,
S_9fecd05f93,Lスマスロ バベル(2025年),S,ユニバーサルブロス,,,,,,,,
S_d8d534f374,Lスマスロ ビッグドリーム THE GOLDEN PUSHER,S,サミー,,,,,,,,
S_f333047b40,Lスマスロ マギアレコード 魔法少女まどか☆マギカ外伝,S,ミズホ,まどか☆マギカ,,,,,,,
S_898752fa3b,Lスマスロ ミリオンゴッド-神々の軌跡-,S,ミズホ,ゴッド,,,,,,,
S_c63cc86391,Lスマスロ モンスターハンターライズ,S,アデリオン,,,,,,,,
S_4c7ea5c7ee,Lスマスロ 一方通行 とある魔術の禁書目録,S,藤商事,,,,,,,,
S_a08b205a79,Lスマスロ 化物語,S,サミー,,,,,,,,
S_6d815bde2d,Lスマスロ 北斗の拳 転生の章2,S,サミー,北斗の拳,,,,,,,
S_153d141757,Lスマスロ 戦国BASARA GIGA,S,エンターライズ,,,,,,,,
S_e2c4202520,Lスマスロ 攻殻機動隊(2026年),S,サミー,,,,,,,,
S_ac6d4813c3,Lスマスロ 新鬼武者3,S,レオスター,,,,,,,,
S_9c50f162f9,Lスマスロ 東京リベンジャーズ,S,サミー,,,,,,,,
S_f96627ea99,Lスマスロ 沖ドキ!DUO アンコール,S,メーシー,沖ドキ,,,,,,,
S_6bbcd56426,Lスマスロ 甲鉄城のカバネリ 海門決戦,S,サミー,,,,,,,,
S_28f09f9ef5,Lスマスロ 秘宝伝(2025年),S,パオン・ディーピー,,,,,,,,
S_48550d032e,Lスマスロ 緑ドン VIVA!情熱南米編 REVIVAL,S,ユニバーサルブロス,,,,,,,,
S_0ed6606346,Lスマスロ 聖戦士ダンバイン,S,サミー,,,,,,,,
S_59c9c99f8d,Lスマスロ 鬼武者3(2024年),S,アデリオン,,,,,,,,
S_d0a2199859,Lスマスロとある魔術の禁書目録,S,JFJ,,,,,,,,
S_0e1ef244e5,Lスマスロキングパルサー,S,セブンリーグ,,,,,,,,
S_353929a755,Lスマスロキン肉マン～7人の悪魔超人編～,S,セブンリーグ,,,,,,,,
S_5db68a0fe8,Lスマスロスーパーブラックジャック(2025年),S,セブンリーグ,,,,,,,,
S_45fba2823d,Lスマスロネオプラネット,S,セブンリーグ,,,,,,,,
S_e535b48685,LスマスロモンキーターンⅤ,S,山佐,モンキーターン,,,,,,,
S_152edba129,Lスマスロヨルムンガンド,S,山佐ネクスト,,,,,,,,
S_a9ad1d64d1,Lスマスロリノヘブン,S,山佐NEXT,,,,,,,,
S_6b65c31977,Lスマスロ交響詩篇エウレカセブン4 HI-EVOLUTION,S,サミー,,,,,,,,
S_e08bd5772f,Lスマスロ劇場版 魔法少女まどか☆マギカ[前編]始まりの物語／[後編]永遠の物語f-フォルテ-,S,メーシー,まどか☆マギカ,,,,,,,
S_834a95a15a,Lスマスロ北斗の拳,S,サミー,北斗の拳,,,,,,,
S_a7357526b9,Lスマスロ痛いのは嫌なので防御力に極振りしたいと思います。,S,サミー,,,,,,,,
S_ee41e8a73a,Lスマスロ転生したらスライムだった件,S,山佐,,,,,,,,
S_f8abc16161,Lスマスロ鉄拳6,S,山佐,,,,,,,,
S_2d560faa98,Lスマスロ頭文字D 2nd,S,サミー,,,,,,,,
S_c2182b7c81,Lスマート沖スロ アメイジングライブ,S,パイオニア,,,,,,,,
S_9c101f6fde,Lスマート沖スロ スターハナハナ,S,パイオニア,ハナハナ,,,,,,,
S_153a54b7cc,Lスマート沖スロ ドラゴンハナハナ～閃光～,S,パイオニア,ハナハナ,,,,,,,
S_8189eed808,Lスマート沖スロ 超華祭,S,パイオニア,,,,,,,,
S_8c0b30a8ea,Lスロット Re:ゼロから始める異世界生活 season2,S,パオン・ディーピー,リゼロ,,,,,,,
S_c800a516f3,Lスロット ソードアート・オンライン,S,大都技研,ソードアート・オンライン,,,,,,,
S_10dbf8b240,Lスロット ソードアート・オンラインⅡ,S,大都技研,ソードアート・オンライン,,,,,,,
S_7e42832384,Lスロット ゾンビランドサガ,S,大都技研,,,,,,,,
S_28d89adc28,Lスロット 冴えない彼女の育てかた,S,サボハニ,,,,,,,,
S_63b15202dd,Lスーパービンゴネオ(2024年),S,ベルコ,,,,,,,,
S_223d5cf369,Lタクトオーパス デスティニー,S,アムテックス,,,,,,,,
S_408178fa35,Lダブルアタック2 withOZS-1000＆RAPHAEL,S,オーイズミ,,,,,,,,
S_fa8541ac46,Lチバリヨ2,S,ネット,,,,,,,,
S_4a18fceb05,Lチバリヨ2プラス,S,ネット,,,,,,,,
S_0030fe573b,Lバキ 強くなりたくば喰らえ!!!,S,オリンピア,,,,,,,,
S_6e2d0f1c94,Lバンドリ!,S,オリンピアエステート,,,,,,,,
S_d46848c2cd,Lバーニングエクスプレス,S,北電子,,,,,,,,
S_82f3b05705,Lパチスロ ありふれた職業で世界最強,S,SANKYO,,,,,,,,
S_89a899989a,Lパチスロ かぐや様は告らせたい,S,SANKYO,,,,,,,,
S_d9e2d3a573,Lパチスロ からくりサーカス,S,SANKYO,,,,,,,,
S_74b54e37b4,Lパチスロ ケンガンアシュラ,S,ネット,,,,,,,,
S_79791d6a23,Lパチスロ ダンベル何キロ持てる?,S,SANKYO,,,,,,,,
S_adba12674b,Lパチスロ マクロスフロンティア4,S,SANKYO,,,,,,,,
S_a2556802d1,Lパチスロ 戦姫絶唱シンフォギア 正義の歌,S,SANKYO,,,,,,,,
S_885a21ac31,Lパチスロ 機動戦士ガンダムSEED,S,ビスティ,,,,,,,,
S_7cc6df8785,Lパチスロ 機動戦士ガンダムユニコーン 覚醒DRIVE,S,ビスティ,,,,,,,,
S_2fafc1c172,Lパチスロ 炎炎ノ消防隊(2024年),S,SANKYO,,,,,,,,
S_47316507f2,Lパチスロ 炎炎ノ消防隊2,S,SANKYO,,,,,,,,
S_7600a99a1e,Lパチスロ 転生したら剣でした,S,コナミ,,,,,,,,
S_7b6f1a0a58,Lパチスロ 革命機ヴァルヴレイヴ,S,SANKYO,,,,,,,,
S_49fedbdf76,Lパチスロ 革命機ヴァルヴレイヴ2,S,SANKYO,,,,,,,,
S_6ebbb5041b,Lパチスロうみねこのなく頃に2,S,ｵｰｲｽﾞﾐ･ｱﾐｭｰｼﾞｵ,,,,,,,,
S_cd41e46a42,Lパチスロガールズ＆パンツァー 最終章,S,平和,,,,,,,,
S_02e5fca44d,Lパチスロ閃乱カグラ2 SHINOVI MASTER,S,オーイズミ,,,,,,,,
S_d26dd811c8,Lプリズムナナ(2025年),S,カルミナ,,,,,,,,
S_b78bce966e,Lマジカルハロウィン8,S,コナミ,,,,,,,,
S_e1b0c93427,Lラブ嬢3～Wご指名はいかがですか?～,S,アムテックス,,,,,,,,
S_884defc033,Lワンパンマン,S,EXCITE,,,,,,,,
S_579c67f180,L七つの魔剣が支配する,S,コナミ,,,,,,,,
S_78a7c9fede,L主役は銭形4,S,オリンピア,,,,,,,,
S_1d200dffe6,L主役は銭形5,S,オリンピア,,,,,,,,
S_cb6e128e5f,L今日から俺は!! パチスロ編,S,コナミ,,,,,,,,
S_e4182f2f6a,L南国育ち(2024年),S,オリンピアエステート,,,,,,,,
S_8a69d51109,L吉宗(2025年),S,サボハニ,吉宗,,,,,,,
S_c15cb72b07,L吉宗RISING,S,サボハニ,吉宗,,,,,,,
S_c482ff1791,L咲-Saki- 頂上決戦,S,三洋,,,,,,,,
S_9fbfd31981,L回胴黙示録カイジ 狂宴,S,サミー,,,,,,,,
S_af7b22dc2c,L大工の源さん 超夢源,S,サンスリー,,,,,,,,
S_655a077a55,L島娘(2025年),S,オリンピア,,,,,,,,
S_e15d9f3bd0,L忍魂参 ～奥義皆伝ノ章～,S,大都技研,,,,,,,,
S_600d4e577a,L戦国コレクション5超極楽LOOP,S,コナミ,,,,,,,,
S_d6953837bc,L戦国乙女4 戦乱に閃く炯眼の軍師,S,オリンピアエステート,戦国乙女,,,,,,,
S_51e27eda14,L戦国乙女5 業火を穿つ宿焔の双刃,S,オリンピア,戦国乙女,,,,,,,
S_57486bc1a8,L押忍!番長4,S,大都技研,番長,,,,,,,
S_fbd7213c06,L桃太郎電鉄 ～パチスロも定番!～,S,コナミ,,,,,,,,
S_43d2165990,L真打 吉宗,S,大都技研,吉宗,,,,,,,
S_18ca0c6052,L範馬刃牙,S,オリンピア,,,,,,,,
S_a5511e6383,L聖闘士星矢 海皇覚醒 CUSTOM EDITION,S,サンスリー,,,,,,,,
S_d9f4adef6c,L花の慶次～佐渡攻めの章～,S,EXCITE,花の慶次,,,,,,,
S_04bf0c9741,L花笠,S,ネット,,,,,,,,
S_941a72e6d8,L虚構推理,S,ディ・ライト,,,,,,,,
S_dd1314d6d0,L賞金首Angel,S,ネット,,,,,,,,
S_8062ebf1c3,L防空少女ラブキューレ2～極限の共鳴～,S,コナミアミューズメント,,,,,,,,
S_d02fb415f2,L麻雀格闘倶楽部 覚醒,S,コナミ,,,,,,,,
S_4272384ef1,L麻雀物語(2025年),S,オリンピアエステート,,,,,,,,
S_9ca894d98d,OVER-SLOT AINZ OOAL GOWN絶対支配者光臨,S,オーイズミ,,,,,,,,
S_ebe374272d,PDD北斗の拳2 ついでに愛を取り戻せ!! ケンシロウ319Ver.,S,高尾,北斗の拳,,,,,,,
S_e1938d3a58,PYRAMID EYE,S,大都技研,,,,,,,,
S_1c061e711c,Pアクエリオン ALL STARS bV,S,SANKYO,,,,,,,,
S_33cab2b1e9,Pターミネーター2 連撃FULL AUTO VER.,S,平和,,,,,,,,
S_995e58500b,Pデビルマン THE FINAL N4-S,S,ニューギン,,,,,,,,
S_a5b2d3f235,Pバジリスク～桜花忍法帖～ MD,S,メーシー,バジリスク,,,,,,,
S_c91f08f4d0,Pバジリスク～桜花忍法帖～ 早咲き桜99ver.,S,メーシー,バジリスク,,,,,,,
S_bf13426644,Pバジリスク～甲賀忍法帖～2 MD,S,メーシー,バジリスク,,,,,,,
S_1ecd0feefe,Pバジリスク～甲賀忍法帖～2 朧の章,S,メーシー,バジリスク,,,,,,,
S_090053e72f,Pフィーバー蒼穹のファフナー3 EXODDUS 織姫Light ver.,S,SANKYO,,,,,,,,
S_518533e7a3,Pフィーバー蒼穹のファフナー3 EXODUS 超蒼穹3800ver.,S,SANKYO,,,,,,,,
S_6a4f4abff1,Pフィーバー革命機ヴァルヴレイヴ2 Light ver.,S,SANKYO,,,,,,,,
S_1a92830fcc,Pフィーバー革命機ヴァルヴレイヴ2 S,S,SANKYO,,,,,,,,
S_a1774b1467,Pフィーバー革命機ヴァルヴレイヴ2 カミツキver.,S,SANKYO,,,,,,,,
S_4bf1d45498,Pフィーバー革命機ヴァルヴレイヴ3 Light ver.,S,SANKYO,,,,,,,,
S_1674d4d0d4,Pフィーバー革命機ヴァルヴレイヴ3 R,S,SANKYO,,,,,,,,
S_ac8011eb62,Pプロゴルファー猿 EMPEROR MODEL M4,S,豊丸,,,,,,,,
S_b8d17d125e,PモンキーターンV MD,S,西陣,モンキーターン,,,,,,,
S_6fd2c99a90,PモンキーターンⅥ 超抜 ZDa,S,西陣,モンキーターン,,,,,,,
S_d05901dde4,P北斗の拳8 救世主 SFJE,S,サミー,北斗の拳,,,,,,,
S_c84cdc00ab,P北斗の拳8 究極乱世 SSF,S,サミー,北斗の拳,,,,,,,
S_895ca07926,P北斗の拳8 覇王FQA,S,サミー,北斗の拳,,,,,,,
S_ff2f7da40f,P北斗の拳9 闘神 GFG,S,サミー,北斗の拳,,,,,,,
S_150c616822,P学園黙示録HIGH SCHOOL OF THE DEAD 2 弾丸319Ver.,S,高尾,,,,,,,,
S_9f5bf2ca26,P沖ドキ!ドキドキ弾丸ツアー LG,S,メーシー,沖ドキ,,,,,,,
S_99af53e764,P真バジリスク～甲賀忍法帖～ MQ,S,メーシー,バジリスク,,,,,,,
S_b440b81e57,P真バジリスク～甲賀忍法帖～豪塊W319ver.,S,メーシー,バジリスク,,,,,,,
S_97fba83700,P真・座頭市物語 DL-MX,S,ニューギン,,,,,,,,
S_72070a8732,P結城友奈は勇者である ALL RUSH,S,西陣,,,,,,,,
S_eebb8b2dc6,P花の慶次～傾奇一転 L-MX,S,ニューギン,花の慶次,,,,,,,
S_99827533bc,P花満開 月光 THE FINAL ZC,S,西陣,,,,,,,,
S_0f5f34edbd,Re:ゼロから始める異世界生活 Apex Vacation,S,サボハニ,リゼロ,,,,,,,
S_271044d750,SBニューキングハナハナV-30,S,パイオニア,ハナハナ,,,,,,,
S_4d498eb3da,SLOT STEINS；GATE,S,メーシー,,,,,,,,
S_c6d7adbb9d,SLOTえとたま,S,メーシー,,,,,,,,
S_540ef2665c,SLOTとある科学の超電磁砲,S,藤商事,,,,,,,,
S_127a495795,SLOTアカギ～闇に降り立った天才～,S,メーシー,,,,,,,,
S_8e8b2d91f2,SLOTアルドノア・ゼロ,S,エレコ,,,,,,,,
S_08e205659f,SLOTギルティクラウン,S,エレコ,,,,,,,,
S_1c43c3dbed,SLOTタブー・タトゥー,S,ミズホ,,,,,,,,
S_fd0a03f57f,SLOTデビルマンχ,S,エレコ,,,,,,,,
S_5d7d05ac93,SLOTドルアーガの塔,S,ミズホ,,,,,,,,
S_aa711ac7c0,SLOTバジリスク～甲賀忍法帖～Ⅲ,S,エレコ,バジリスク,,,,,,,
S_8d42be490b,SLOTバジリスク～甲賀忍法帖～絆2,S,ミズホ,バジリスク,,,,,,,
S_6c63f66ca4,SLOTマッピー,S,メーシー,,,,,,,,
S_b462674a39,SLOTメイドインアビス,S,ミズホ,,,,,,,,
S_5d33b5beca,SLOT劇場版魔法少女まどか☆マギカ [新編] 叛逆の物語,S,メーシー,まどか☆マギカ,,,,,,,
S_5d1404cfec,SLOT劇場版魔法少女まどか☆マギカ[前編]始まりの物語／[後編]永遠の物語,S,ミズホ,まどか☆マギカ,,,,,,,
S_ac764e0e2a,SLOT忍者じゃじゃ丸くん,S,エレコ,,,,,,,,
S_5c084ce113,SLOT魔法少女まどか☆マギカ,S,メーシー,まどか☆マギカ,,,,,,,
S_11fbafc639,SLOT魔法少女まどか☆マギカ2,S,メーシー,まどか☆マギカ,,,,,,,
S_ac947d4aea,e北斗の拳10 GHEG,S,サミー,北斗の拳,,,,,,,
S_7d43d7f08d,e吉宗 極乗3000ver.,S,大都技研,吉宗,,,,,,,
S_7c6a0db469,いろはに愛姫,S,パオン・ディーピー,,,,,,,,
S_3a66cd9890,ご～やちゃんぷる～-25,S,京楽産業．,,,,,,,,
S_ef8eed23f2,ご～やちゃんぷる～-30,S,京楽産業．,,,,,,,,
S_c1038ffb23,ぱちすろ けものフレンズ,S,サミー,,,,,,,,
S_455f862081,ぱちスロ ウルトラセブン(2017年),S,オッケー．,,,,,,,,
S_0bfd78c611,ぱちスロ ウルトラマンタロウ 暴君SPEC,S,オッケー．,,,,,,,,
S_737109a363,ぱちスロ ギャグダー,S,京楽産業．,,,,,,,,
S_8ac1a283f7,ぱちスロ 沖ハナ-30,S,京楽産業．,,,,,,,,
S_ef477bcf42,みうのおしゃべりパチスロ,S,岡崎産業,,,,,,,,
S_b83e7f594b,もっと!チバリヨ-25,S,ネット,,,,,,,,
S_61df3d8256,もっと!チバリヨ-30(2022年),S,ネット,,,,,,,,
S_3404f27280,もっと！クレアの秘宝伝～女神の歌声と太陽の子供達～,S,パオン・ディーピー,,,,,,,,
S_c341d349bd,もっと！チバリヨ-30(2022年),S,ネット,,,,,,,,
S_3a965c1fc2,やじきた道中記乙,S,メーシー,,,,,,,,
S_77adf50ec8,アイムジャグラーEX AnniversaryEdition,S,北電子,ジャグラー,,,,,,,
S_54d6b43552,アイムジャグラーEX(2017年),S,北電子,ジャグラー,,,,,,,
S_86e7f26173,アイムジャグラーEX(2020年),S,北電子,ジャグラー,,,,,,,
S_b8ab89a148,アオハル♪操 A-LIVE,S,大都技研,,,,,,,,
S_9a3f601614,アカメが斬る!,S,七匠,,,,,,,,
S_9ca5cb3d9f,アナザーゴッドハーデス-奪われたZEUSver.-,S,ミズホ,ゴッド,,,,,,,
S_3ad090faac,アナザーゴッドハーデス-解き放たれし槍撃ver.-,S,ミズホ,ゴッド,,,,,,,
S_dad76897dc,アナターのオット!?はーです,S,ミズホ,,,,,,,,
S_53ae6d3833,アバサー,S,アムテックス,,,,,,,,
S_b779ddf2e8,アバサー30,S,アムテックス,,,,,,,,
S_20969704c7,アレックス(2018年),S,アクロス,,,,,,,,
S_6234bd9cc3,ウルトラちゃぶ台返し,S,ベルコ,,,,,,,,
S_37ccca2a32,ウルトラミラクルジャグラー,S,北電子,ジャグラー,,,,,,,
S_5886af1c5c,カードバトルパチスロ ガンダム クロスオーバー,S,ビスティ,,,,,,,,
S_fb146238f8,ガールズ＆パンツァー 劇場版,S,平和,,,,,,,,
S_6301559ca3,キャッツ・アイ(2022年),S,平和,,,,,,,,
S_877deef453,キングクリエーター30,S,北電子,,,,,,,,
S_788d47b589,キングハナハナ-30(2023年),S,パイオニア,ハナハナ,,,,,,,
S_615f1e3362,クランキークレスト,S,ミズホ,,,,,,,,
S_ab2bce7a3b,クレアの秘宝伝 女神の夢と魔法の遺跡,S,パオン・ディーピー,,,,,,,,
S_67d1437a4a,クレアの秘宝伝 ～眠りの塔とめざめの石～,S,大都技研,,,,,,,,
S_1f5a2a5b7b,グレートキングハナハナ,S,パイオニア,ハナハナ,,,,,,,
S_6e26dee7bd,グレートキングハナハナ-30,S,パイオニア,ハナハナ,,,,,,,
S_cbb398eb9a,ゴーゴージャグラー(2015年),S,北電子,ジャグラー,,,,,,,
S_88d8d14073,ゴーゴージャグラー2,S,北電子,ジャグラー,,,,,,,
S_d538e468e0,ゴーゴージャグラー3,S,北電子,ジャグラー,,,,,,,
S_1b95b2a34e,サラリーマン金太郎 出世回胴編,S,ロデオ,,,,,,,,
S_70f000d541,サンダーVライトニング,S,アクロス,,,,,,,,
S_cfbb5cd7b4,シャア専用パチスロ 逆襲の赤い彗星,S,ビスティ,,,,,,,,
S_29a2f163ae,シリウス,S,ヤーマ,,,,,,,,
S_cbe517ac1c,シンデレラブレイド4,S,ネット,,,,,,,,
S_a9a46c95eb,ジャグラーガールズ,S,北電子,ジャグラー,,,,,,,
S_8b62ab2976,ジャグラーガールズSS,S,北電子,ジャグラー,,,,,,,
S_0089d4fae2,スカイガールズ～ゼロノツバサ～,S,コナミ,,,,,,,,
S_af93e0ab88,スターハナハナ-30,S,パイオニア,ハナハナ,,,,,,,
S_31985b3fc7,スターパルサー,S,山佐NEXT,,,,,,,,
S_1cbc07dd2e,スナイパイ71,S,カルミナ,,,,,,,,
S_c60d4ad55f,スロット 吉宗3,S,サボハニ,吉宗,,,,,,,
S_4515f4ee29,スロドル,S,コナミ,,,,,,,,
S_c14d24e644,スーハナライジング-30,S,パイオニア,,,,,,,,
S_68cf36ed26,スーパーハナハナ-30(2021年),S,パイオニア,ハナハナ,,,,,,,
S_8165063aca,スーパーハナハナ2-30,S,パイオニア,ハナハナ,,,,,,,
S_bf12c02d3d,スーパービンゴギャラクシー,S,ベルコ,,,,,,,,
S_39d1f44359,スーパービンゴネオ,S,ベルコ,,,,,,,,
S_84ad848822,スーパービンゴネオ-30,S,ベルコ,,,,,,,,
S_9e905bc655,スーパービンゴネオクラシック,S,ベルコ,,,,,,,,
S_73cc7bd93b,スーパービンゴネオクラシック-30,S,ベルコ,,,,,,,,
S_04cbe4f4ba,スーパーミラクルジャグラー,S,北電子,ジャグラー,,,,,,,
S_da428d4d3f,スーパーリオエース,S,山佐NEXT,,,,,,,,
S_021a459fa4,スーパーリノMAX,S,山佐,,,,,,,,
S_5cd56d4e08,スーパーリノSP,S,山佐NEXT,,,,,,,,
S_4b47021fb4,チバリヨ(2022年),S,ネット,,,,,,,,
S_b7a901b48d,チバリヨ-30(2021年),S,ネット,,,,,,,,
S_1e012b7b3b,ツインドラゴンハナハナ-30,S,パイオニア,ハナハナ,,,,,,,
S_bdabaef1ea,デカスタPデビルマン THE FINAL 179ver.,S,ニューギン,,,,,,,,
S_338d43a32a,ドラゴンハナハナ～閃光～-30,S,パイオニア,ハナハナ,,,,,,,
S_9241350271,ドリームクルーン2,S,オーイズミ,,,,,,,,
S_826306b067,ドリームハナハナ-30,S,パイオニア,ハナハナ,,,,,,,
S_3cba3e37e6,ニューアイムジャグラーEX,S,北電子,ジャグラー,,,,,,,
S_d10980b192,ニューアイムジャグラーEX(2014年),S,北電子,ジャグラー,,,,,,,
S_04deec39b6,ニューアイムジャグラーEX(2016年),S,北電子,ジャグラー,,,,,,,
S_27341d90b6,ニューキングハナハナ-30,S,パイオニア,ハナハナ,,,,,,,
S_2cb355a2ec,ニューゲッターマウス,S,エレコ,,,,,,,,
S_4da88ee08a,ニューハナハナゴールド-30,S,パイオニア,ハナハナ,,,,,,,
S_84551f4e1d,ニューパルサーDXⅢ,S,山佐NEXT,,,,,,,,
S_e50ba2b349,ニューパルサーSP4 with 太鼓の達人,S,セブンリーグ,,,,,,,,
S_a83f4f60d3,ニューパルサーSPⅢ,S,山佐,,,,,,,,
S_a90ab18ec6,ネオアイムジャグラーEX,S,北電子,ジャグラー,,,,,,,
S_96ee3eb50d,ノーゲーム・ノーライフ THE SLOT,S,北電子,,,,,,,,
S_1116e8a8cf,ハイスクールD×D2 ハーレム王に俺はなる,S,コナミ,,,,,,,,
S_23634940c5,ハイハイシオサイ2,S,パイオニア,,,,,,,,
S_dea9874c1c,ハイパーブラックジャック,S,ネット,,,,,,,,
S_0428d9a575,ハイビリターン-30,S,パイオニア,,,,,,,,
S_17301b124b,ハッピージャグラーVⅡ,S,北電子,ジャグラー,,,,,,,
S_06b19afd94,ハッピージャグラーVⅢ,S,北電子,ジャグラー,,,,,,,
S_a7bc4ec2d7,ハナハナホウオウ-30,S,パイオニア,ハナハナ,,,,,,,
S_c857657178,ハナハナホウオウ～天翔～,S,パイオニア,ハナハナ,,,,,,,
S_4d4b329c12,ハナハナホウオウ～天翔～-30,S,パイオニア,ハナハナ,,,,,,,
S_3ed6a6a88e,ハナビ(2015年),S,アクロス,,,,,,,,
S_cf856b8250,バイオハザードリベレーションズ,S,エンターライズ,,,,,,,,
S_00f9b66433,バジリスク～甲賀忍法帖～絆,S,エレコ,バジリスク,,,,,,,
S_a8674b72bb,バハマ30(2024年),S,アムテックス,,,,,,,,
S_7cdcf29cbf,バーサス(2016年),S,アクロス,,,,,,,,
S_b66116739a,バーサスリヴァイズ,S,エレコ,,,,,,,,
S_99d5412667,パチスロ Angel Beats!,S,サミー,,,,,,,,
S_b64e32bab9,パチスロ BIOHAZARD 7 resident evil,S,アデリオン,,,,,,,,
S_07570bdb39,パチスロ BLOOD+ 二人の女王,S,タイヨーエレック,,,,,,,,
S_1e0d3e5ff8,パチスロ BOOWY,S,ディ・ライト,,,,,,,,
S_ac131bd444,パチスロ KING黄門ちゃま,S,オリンピア,,,,,,,,
S_50f9564ced,パチスロ TIGER&BUNNY SP,S,山佐NEXT,,,,,,,,
S_23a3e953dc,パチスロ TIGER＆BUNNY,S,山佐,,,,,,,,
S_4eed0441d0,パチスロ うしおととら 雷槍一閃,S,ディ・ライト,,,,,,,,
S_7653de2fa8,パチスロ かまいたちの夜,S,オーイズミ,,,,,,,,
S_9a4f8103b2,パチスロ この素晴らしい世界に祝福を!,S,サミー,,,,,,,,
S_1ea6d75c69,パチスロ アイドルマスター ミリオンライブ!,S,ビスティ,,,,,,,,
S_176c786ac2,パチスロ アクエリオン ALL STARS,S,SANKYO,,,,,,,,
S_114be62896,パチスロ アラジンAⅡ,S,サミー,,,,,,,,
S_4042a53391,パチスロ エウレカセブンAO,S,サミー,,,,,,,,
S_c01716279a,パチスロ ガメラ(2021年),S,サミー,,,,,,,,
S_1546db3105,パチスロ ガメラ2,S,サミー,,,,,,,,
S_1e624252a9,パチスロ ガールフレンド(仮)～聖櫻学園メモリアル～,S,オリンピア,,,,,,,,
S_6ab12367b9,パチスロ ケロット3,S,山佐,,,,,,,,
S_a9609bb575,パチスロ ケロット4,S,セブンリーグ,,,,,,,,
S_e5424db385,パチスロ コードギアス 反逆のルルーシュ3,S,サミー,,,,,,,,
S_8e789cc4d2,パチスロ コードギアス 反逆のルルーシュR2,S,サミー,,,,,,,,
S_eb32a5796c,パチスロ ゴッドイーター,S,山佐,ゴッド,,,,,,,
S_1bcbaa0c3e,パチスロ ゴッドイーター ジ・アニメーション,S,セブンリーグ,ゴッド,,,,,,,
S_9be40ab6c1,パチスロ サクラ大戦～熱き血潮に～,S,サミー,,,,,,,,
S_6636efeec5,パチスロ サラリーマン金太郎～MAX～,S,EXCITE,,,,,,,,
S_f25c183471,パチスロ セイクリッドセブン,S,山佐,,,,,,,,
S_57a0a6c330,パチスロ ゼーガペイン2,S,山佐NEXT,,,,,,,,
S_c751100e92,パチスロ ダンまち外伝 ソード・オラトリア,S,北電子,,,,,,,,
S_d88e2b624f,パチスロ ダンジョンに出会いを求めるのは間違っているだろうか2,S,北電子,,,,,,,,
S_7a2cfb47ad,パチスロ ディスクアップ,S,サミー,,,,,,,,
S_5e0f750628,パチスロ ディスクアップ2,S,サミー,,,,,,,,
S_3510450bdd,パチスロ デビル メイ クライ5,S,アデリオン,,,,,,,,
S_9e336921ac,パチスロ トータル・イクリプス,S,SANKYO,,,,,,,,
S_040e27bb0e,パチスロ トータル・イクリプス2,S,SANKYO,,,,,,,,
S_518c55563a,パチスロ ドリフターズ,S,サミー,,,,,,,,
S_17f30a0e41,パチスロ バイオハザード RE:2,S,アデリオン,,,,,,,,
S_4690173747,パチスロ ピンクパンサーSP,S,山佐NEXT,,,,,,,,
S_d397063460,パチスロ ファイヤードリフト,S,サミー,,,,,,,,
S_09dff6b61d,パチスロ ファンタシースターオンライン2,S,サミー,,,,,,,,
S_81211da0cd,パチスロ フレームアームズ・ガール,S,ネット,,,,,,,,
S_155ddaa4c8,パチスロ マクロスデルタ,S,ジェイビー,,,,,,,,
S_06a8df286f,パチスロ マクロスフロンティア2,S,SANKYO,,,,,,,,
S_dbcbc3a62e,パチスロ マクロスフロンティア3,S,SANKYO,,,,,,,,
S_aee65468a0,パチスロ モンキーターンⅡ,S,山佐,モンキーターン,,,,,,,
S_efd23a9f84,パチスロ モンキーターンⅣ,S,山佐,モンキーターン,,,,,,,
S_6e8ad110bf,パチスロ モンスターハンター 月下雷鳴,S,エンターライズ,,,,,,,,
S_86ee7f9dbd,パチスロ モンスターハンター:ワールド,S,エンターライズ,,,,,,,,
S_f8a1fddf65,パチスロ モンスターハンター:ワールド 黄金狩猟,S,エンターライズ,,,,,,,,
S_32ef7959d4,パチスロ モンスターハンターワールド:アイスボーン,S,エンターライズ,,,,,,,,
S_089ccdcba9,パチスロ モンスターハンター～狂竜戦線～,S,エンターライズ,,,,,,,,
S_5843c7ff86,パチスロ ヤッターマン 絶対正義,S,三洋,,,,,,,,
S_b462306e9b,パチスロ ラブ嬢,S,オリンピア,,,,,,,,
S_8a76fbfa05,パチスロ ラブ嬢Ⅱ,S,オリンピア,,,,,,,,
S_5dd84acbac,パチスロ ラブ嬢Ⅱ+,S,オリンピア,,,,,,,,
S_0b84ace89c,パチスロ リング 呪いの7日間,S,藤商事,,,,,,,,
S_f8a85fc7b2,パチスロ リング 終焉ノ刻,S,藤商事,,,,,,,,
S_bae93499f3,パチスロ リング 運命の秒刻,S,藤商事,,,,,,,,
S_bc04043644,パチスロ リングにかけろ1 ワールドチャンピオンカーニバル編,S,エンターライズ,,,,,,,,
S_8a12e58294,パチスロ ロリクラほーるど!,S,ネット,,,,,,,,
S_5c20e1eaae,パチスロ 七つの大罪,S,サミー,,,,,,,,
S_d9133aedc0,パチスロ 亜人,S,オリンピア,,,,,,,,
S_eb02d0854e,パチスロ 交響詩篇エウレカセブン2,S,サミー,,,,,,,,
S_bd404c2207,パチスロ 偽物語,S,サミー,,,,,,,,
S_9c78d641fd,パチスロ 化物語,S,サミー,,,,,,,,
S_a40e7ddd03,パチスロ 北斗の拳 修羅の国篇,S,サミー,北斗の拳,,,,,,,
S_6bf616770f,パチスロ 咲-Saki-,S,三洋,,,,,,,,
S_46c9662dc9,パチスロ 哲也 -天運地力-,S,大一商会,,,,,,,,
S_7f1d322092,パチスロ 地獄少女 あとはあなたが決めることよ,S,藤商事,,,,,,,,
S_238f660b2a,パチスロ 地獄少女 宵伽,S,藤商事,,,,,,,,
S_feffa7cb43,パチスロ 天元突破グレンラガン,S,七匠,,,,,,,,
S_5050f01345,パチスロ 学園黙示録HIGHSCHOOL OF THE DEAD GOLD,S,セブンリーグ,,,,,,,,
S_149c3791e0,パチスロ 戦国†恋姫,S,藤商事,,,,,,,,
S_8ad71150c0,パチスロ 戦国乙女 暁の関ケ原 DARKNESS,S,オリンピア,戦国乙女,,,,,,,
S_6753f540af,パチスロ 戦姫絶唱シンフォギア,S,SANKYO,,,,,,,,
S_a845422195,パチスロ 戦姫絶唱シンフォギア 勇気の歌,S,SANKYO,,,,,,,,
S_739a600a75,パチスロ 探偵オペラ ミルキィホームズR 大収穫祭!!!!,S,カルミナ,,,,,,,,
S_1f746cfd43,パチスロ 新鬼武者(2020年),S,エンターライズ,,,,,,,,
S_8290cecd6d,パチスロ 新鬼武者2,S,エンターライズ,,,,,,,,
S_1a505e85f5,パチスロ 春一番,S,西陣,,,,,,,,
S_7b857e7c5b,パチスロ 月華 雅,S,エンターライズ,,,,,,,,
S_3e11da8a11,パチスロ 東京レイヴンズ,S,オーイズミ,,,,,,,,
S_fc35847e17,パチスロ 楽園追放,S,サミー,,,,,,,,
S_9a4141f73d,パチスロ 涼宮ハルヒの憂鬱,S,SANKYO,,,,,,,,
S_2d69937350,パチスロ 炎炎ノ消防隊,S,SANKYO,,,,,,,,
S_82f91aa0d9,パチスロ 犬夜叉(2022年),S,スパイキー,,,,,,,,
S_13f941f93f,パチスロ 甲鉄城のカバネリ,S,サミー,,,,,,,,
S_371fd46d6d,パチスロ 百花繚乱 サムライガールズ(2021年),S,エンターライズ,,,,,,,,
S_4464801327,パチスロ 真俺の空,S,スパイキー,,,,,,,,
S_e774276543,パチスロ 緋弾のアリアⅡ,S,JFJ,,,,,,,,
S_aa9b2f2fbf,パチスロ 織田信奈の野望,S,ディ・ライト,,,,,,,,
S_85e3fb3d6c,パチスロ 聖闘士星矢-冥王復活-,S,三洋,,,,,,,,
S_5cf01d7630,パチスロ 花伝,S,アムテックス,,,,,,,,
S_3e17b35d9d,パチスロ 花伝-30,S,アムテックス,,,,,,,,
S_58ab03bb4b,パチスロ 蒼天の拳2,S,サミー,,,,,,,,
S_7b4ed562d5,パチスロ 蒼天の拳4,S,サミー,,,,,,,,
S_d5d21862fc,パチスロ 蒼穹のファフナー,S,SANKYO,,,,,,,,
S_ffd4fc83f3,パチスロ 蒼穹のファフナー EXODUS,S,SANKYO,,,,,,,,
S_1517dedad4,パチスロ 蛇喰夢子という女,S,ネット,,,,,,,,
S_84d0e67a9d,パチスロ 言い訳はさせないわよ!by壇蜜,S,ワールド,,,,,,,,
S_7179d1db31,パチスロ 輪廻のラグランジェ,S,サミー,,,,,,,,
S_42d251e0b1,パチスロ 這いよれ!ニャル子さん,S,EXCITE,,,,,,,,
S_0560fc9c17,パチスロ 鉄拳3rd,S,山佐,,,,,,,,
S_97f4cfb72d,パチスロ 鉄拳4,S,山佐,,,,,,,,
S_3aaf21db2a,パチスロ 鉄拳4 デビルVer.,S,セブンリーグ,,,,,,,,
S_b40935e424,パチスロ 閃乱カグラ,S,オーイズミ,,,,,,,,
S_5f84d5c804,パチスロ 閃乱カグラ BURST UP,S,オーイズミ,,,,,,,,
S_a36d2613ed,パチスロ 零～zero～,S,山佐NEXT,,,,,,,,
S_702e1d037c,パチスロ 青の祓魔師,S,オリンピア,,,,,,,,
S_a556f85e33,パチスロ 青鬼,S,オリンピア,,,,,,,,
S_072a8d4ef3,パチスロ 魔法少女育成計画,S,カルミナ,,,,,,,,
S_2025d4ce2d,パチスロ 麻雀物語4,S,オリンピア,,,,,,,,
S_7cb64782e8,パチスロ ＜物語＞シリーズ セカンドシーズン,S,サミー,,,,,,,,
S_09d4e2414b,パチスロ1000ちゃん,S,オーイズミ,,,,,,,,
S_5411de8ce5,パチスロANEMONE 交響詩篇エウレカセブン HI-EVOLUTION,S,サミー,,,,,,,,
S_7742549ccf,パチスロFAIRY TAIL2,S,藤商事,,,,,,,,
S_bb4d9d628f,パチスロGANTZ極 THE SURVIVAL GAME,S,スパイキー,,,,,,,,
S_b05eaf1e86,パチスロL黄門ちゃま天,S,オリンピア,,,,,,,,
S_d6ac2f46c6,パチスロOVERLORD絶対支配者光臨Ⅱ,S,オーイズミ,,,,,,,,
S_35a640667d,パチスロRYUKYU Beat-30,S,サミー,,,,,,,,
S_84d20e6aa6,パチスロうまい棒(2021年),S,アムテックス,,,,,,,,
S_4e5ade6281,パチスロひぐらしのなく頃に祭2,S,オーイズミ,,,,,,,,
S_8aeff369fb,パチスロひぐらしのなく頃に祭2カケラ遊び編,S,オーイズミ,,,,,,,,
S_06fc35a8a4,パチスロアラジンAクラシック,S,サミー,,,,,,,,
S_cb37e3aa93,パチスロコードギアス 反逆のルルーシュ3 C.C.&Kallen ver.,S,サミー,,,,,,,,
S_e2f26a661c,パチスロコードギアス 反逆のルルーシュR2 C.C.version,S,サミー,,,,,,,,
S_d90696e43e,パチスロナイツ,S,山佐ネクスト,,,,,,,,
S_00ea55a8cc,パチスロハイパーラッシュ(2024年),S,セブンリーグ,,,,,,,,
S_b46d2659cc,パチスロハードボイルド(2022年),S,サミー,,,,,,,,
S_aa31a03af6,パチスロペルソナ5,S,サミー,,,,,,,,
S_3751971f34,パチスロ交響詩篇エウレカセブン HI-EVOLUTION ZERO TYPE-ART,S,サミー,,,,,,,,
S_42c5740692,パチスロ交響詩篇エウレカセブン3 HI-EVOLUTION-ZERO,S,サミー,,,,,,,,
S_4c40b5683a,パチスロ修羅の刻,S,SANKYO,,,,,,,,
S_ec8ed9e159,パチスロ傷物語 -始マリノ刻-,S,サミー,,,,,,,,
S_c889e30631,パチスロ北斗の拳 天昇,S,サミー,北斗の拳,,,,,,,
S_5d6e261637,パチスロ北斗の拳 宿命,S,サミー,北斗の拳,,,,,,,
S_8b2dbd493b,パチスロ大工の源さん～桜満開!源DREAM Ver.～,S,三洋,,,,,,,,
S_e97eac9ef4,パチスロ幼女戦記,S,サミー,,,,,,,,
S_136146b6e4,パチスロ戦国無双3,S,山佐ネクスト,,,,,,,,
S_2ac0e2b41d,パチスロ攻殻機動隊S.A.C.2nd GIG,S,サミー,,,,,,,,
S_a1ea934262,パチスロ機動戦士ガンダムユニコーン,S,ビスティ,,,,,,,,
S_313526c20c,パチスロ武装神姫,S,コナミ,,,,,,,,
S_b0efc932ff,パチスロ獣王 王者の覚醒,S,サミー,,,,,,,,
S_cbbabe4f4f,パチスロ盾の勇者の成り上がり,S,サミー,,,,,,,,
S_27fb8cfe8b,パチスロ笑ゥせぇるすまん 絶笑,S,三洋,,,,,,,,
S_3132848693,パチスロ笑ゥせぇるすまん4,S,三洋,,,,,,,,
S_e5262820c3,パチスロ聖闘士星矢-海皇覚醒-,S,三洋,,,,,,,,
S_2b41916352,パチスロ鉄拳4 アルティメットデビルVer.,S,山佐NEXT,,,,,,,,
S_b7989bfbea,パチスロ鉄拳5,S,山佐NEXT,,,,,,,,
S_b531e87092,パチスロ頭文字D,S,サミー,,,,,,,,
S_e37b16a86e,パチスロ黄門ちゃま 喝,S,オリンピア,,,,,,,,
S_aca6bfabd8,ファミスタ回胴版!!,S,ユニバーサルブロス,,,,,,,,
S_08ee0da32e,ファンキージャグラー,S,北電子,ジャグラー,,,,,,,
S_ee835a181e,ファンキージャグラー2,S,北電子,ジャグラー,,,,,,,
S_57fd77ce53,プレミアムハナハナ-30,S,パイオニア,ハナハナ,,,,,,,
S_24f947fbeb,プレミアムビンゴ,S,ベルコ,,,,,,,,
S_0bcc563b07,ボンバーガール,S,コナミ,,,,,,,,
S_c1b218ad63,マイジャグラーⅡ,S,北電子,ジャグラー,,,,,,,
S_01b5b4c1b4,マイジャグラーⅡ(2013年),S,北電子,ジャグラー,,,,,,,
S_c084404fc3,マイジャグラーⅢ,S,北電子,ジャグラー,,,,,,,
S_ebb11708ce,マイジャグラーⅣ,S,北電子,ジャグラー,,,,,,,
S_c20b177fd4,マイジャグラーⅤ,S,北電子,ジャグラー,,,,,,,
S_e3e5ffa8b1,マイフラワー2-30,S,北電子,,,,,,,,
S_ca21ed1f7e,マジカルハロウィン ～Trick or Treat!～,S,コナミ,,,,,,,,
S_3d25299028,マジカルハロウィン5,S,KPE,,,,,,,,
S_6e4c9af557,マジカルハロウィン7,S,コナミ,,,,,,,,
S_86592b4dd9,ミスタージャグラー,S,北電子,ジャグラー,,,,,,,
S_4bc23b7474,ミリオンゴッド-神々の凱旋-,S,ユニバーサルブロス,ゴッド,,,,,,,
S_963f0c5d72,モモキュンソードDX,S,西陣,,,,,,,,
S_4fa2ed08fc,ラストユートピア,S,パイオニア,,,,,,,,
S_9b8f6da3fa,リノ(2015年),S,山佐,,,,,,,,
S_cf63c47c85,リング 恐襲ノ連鎖,S,JFJ,,,,,,,,
S_b663343055,ワードオブライツⅡ,S,エレコ,,,,,,,,
S_327c7606f9,ヱヴァンゲリヲン・魂を繋ぐもの,S,ビスティ,,,,,,,,
S_8804f2dad1,ヱヴァンゲリヲン･勝利への願い,S,ビスティ,,,,,,,,
S_e75f1b04d8,ヴィーナスゾーン,S,パイオニア,,,,,,,,
S_6146348969,主役は銭形2,S,オリンピア,,,,,,,,
S_2cc784a62f,主役は銭形3,S,平和,,,,,,,,
S_75320b0bcd,十字架5,S,ネット,,,,,,,,
S_14f58b2308,十字架Ⅲ,S,ネット,,,,,,,,
S_d09d05d9b9,南国娘2,S,平和,,,,,,,,
S_fbfc0dfc48,南国娘2-30,S,アムテックス,,,,,,,,
S_6b135dab5b,南国物語(2016年),S,オリンピア,,,,,,,,
S_91eb4a5bd2,南国育ち-30(2021年),S,アムテックス,,,,,,,,
S_6be735fc8e,吉宗～極～,S,大都技研,吉宗,,,,,,,
S_199e21b644,呪怨 再誕AT,S,藤商事,,,,,,,,
S_0f98cb2e43,喰霊-零- 運命乱～うんめいのみだれ～,S,JFJ,,,,,,,,
S_ca18bfa382,回胴式遊技機 グランベルム,S,北電子,,,,,,,,
S_44eff69b91,回胴性ミリオンアーサー,S,ミズホ,,,,,,,,
S_68adea0773,回胴黙示録カイジ～沼～,S,サミー,,,,,,,,
S_5edf51d418,天下布武4,S,セブンリーグ,,,,,,,,
S_c82e66c70c,対魔導学園35試験小隊,S,平和,,,,,,,,
S_b140f8bd77,忍魂～暁ノ章～,S,大都技研,,,,,,,,
S_f7aca39417,戦国コレクション2,S,KPE,,,,,,,,
S_ba1656f2e7,戦国コレクション4,S,コナミ,,,,,,,,
S_abf672793a,戦国コレクション5,S,コナミ,,,,,,,,
S_9d4d998aae,戦国乙女2～深淵に輝く気高き将星～,S,オリンピア,戦国乙女,,,,,,,
S_02e9babd23,戦国乙女3～天剣を継ぐもの～,S,平和,戦国乙女,,,,,,,
S_2d4f1414dd,戦国乙女～剣戟に舞う白き剣聖～西国参戦編,S,オリンピア,戦国乙女,,,,,,,
S_e037be396e,押忍!!豪炎高校應援團 檄,S,山佐,,,,,,,,
S_8a52691c12,押忍!サラリーマン番長,S,大都技研,番長,,,,,,,
S_f30f492dda,押忍!サラリーマン番長2,S,大都技研,番長,,,,,,,
S_6c2ef38e44,押忍!番長3,S,大都技研,番長,,,,,,,
S_3e362aa4e0,押忍!番長ZERO,S,パオン・ディーピー,番長,,,,,,,
S_08cdaa9d53,探偵オペラ ミルキィホームズ 1/2の奇跡,S,カルミナ,,,,,,,,
S_d6dfacf8eb,政宗 戦極,S,大都技研,,,,,,,,
S_c8f55d8a5e,政宗2,S,大都技研,,,,,,,,
S_a38af98d68,政宗3,S,大都技研,,,,,,,,
S_5276a9f9f8,新ハナビ,S,エレコ,,,,,,,,
S_0d0cc3e730,沖っ娘,S,サンセイR&D,,,,,,,,
S_6ab5fbcb89,沖ドキ!,S,アクロス,沖ドキ,,,,,,,
S_a8dadbd9c1,沖ドキ!-30,S,アクロス,沖ドキ,,,,,,,
S_8275c92704,沖ドキ!2-30,S,アクロス,沖ドキ,,,,,,,
S_95c57f7f2d,沖ドキ!BLACK,S,ミズホ,沖ドキ,,,,,,,
S_7a6df155e8,沖ドキ!DUO,S,アクロス,沖ドキ,,,,,,,
S_2841eaa020,沖ドキ!DUO-30,S,アクロス,沖ドキ,,,,,,,
S_b585010de3,沖ドキ!GOLD,S,ユニバーサルブロス,沖ドキ,,,,,,,
S_86150a4734,沖ドキ!GOLD-30,S,ミズホ,沖ドキ,,,,,,,
S_24819c8235,沖ドキ!ゴージャス,S,ミズホ,沖ドキ,,,,,,,
S_261aa58496,沖ドキ!ゴージャス-30,S,エレコ,沖ドキ,,,,,,,
S_be62fc850c,沖ドキ!トロピカル,S,ユニバーサルブロス,沖ドキ,,,,,,,
S_b33c0bf680,沖ドキ!トロピカル-30,S,アクロス,沖ドキ,,,,,,,
S_c7865003c7,沖ドキ！GOLD,S,ユニバーサルブロス,沖ドキ,,,,,,,
S_321140eb18,沖ドキ！GOLD-30,S,ミズホ,沖ドキ,,,,,,,
S_c4e549c2e2,沖縄フェスティバル-30,S,パイオニア,,,,,,,,
S_74259696da,沖縄フェスティバル-30(2022年),S,パイオニア,,,,,,,,
S_3b7c08baeb,燃えよ!功夫淑女ドラゴン,S,山佐,,,,,,,,
S_e8820749a9,燃えチバ-30,S,ネット,,,,,,,,
S_1dfbb0366b,真天下布武,S,山佐ネクスト,,,,,,,,
S_58512b763a,秘宝伝-解き放たれた女神-,S,サボハニ,,,,,,,,
S_38a17df233,秘宝伝～伝説への道～,S,大都技研,,,,,,,,
S_eaab0fc824,紅き魂は桜の如く,S,ベルコ,,,,,,,,
S_cdc25826cb,絶対衝激Ⅲ,S,スパイキー,,,,,,,,
S_2604fd7c45,緑ドンVIVA2,S,エレコ,,,,,,,,
S_5e91e28975,織田信奈の野望 全国版,S,新日テクノロジー,,,,,,,,
S_9467e65c51,花の慶次～武威～,S,EXCITE,花の慶次,,,,,,,
S_1733c5630f,花火絶景,S,ミズホ,,,,,,,,
S_eb2d7d433c,課長 熊田工作,S,ネット,,,,,,,,
S_ef9ff8f4dc,超ギラギラ爺サマー,S,サボハニ,,,,,,,,
S_dc5bba0a0e,闘魂継承 アントニオ猪木という名のパチスロ機,S,オリンピア,,,,,,,,
S_a62256c004,防空少女ラブキューレ,S,KPE,,,,,,,,
S_20281e1ea6,鬼浜爆走紅蓮隊 愛情恋歌編,S,ベルコ,,,,,,,,
S_13355056ca,鬼浜爆走紅蓮隊 激闘謳歌編,S,ベルコ,,,,,,,,
S_afee0d6aaf,鬼浜爆走紅蓮隊 狂闘旅情編,S,ベルコ,,,,,,,,
S_cb1475560b,麻雀格闘倶楽部,S,KPE,,,,,,,,
S_44a5f5c30e,麻雀格闘倶楽部 参,S,コナミ,,,,,,,,
S_2545dd75af,麻雀格闘倶楽部 真,S,コナミ,,,,,,,,
S_6cc0253c3e,麻雀物語3 役満乱舞の究極大戦,S,オリンピア,,,,,,,,
S_469f3c9f24,黄門ちゃま喝2,S,オリンピア,,,,,,,,
S_28dfc2bed4,～ガールズケイリン～ＧⅠフェアリーグランプリ,S,コナミ,,,,,,,,
