machine_id,machine_name,machine_name_normalized,first_seen_date,last_seen_date,data_count,days_since_last_seen,weeks_since_last_seen,active_status
241,SLOTバジリスク～甲賀忍法帖～絆2,SLOTバジリスク～甲賀忍法帖～絆2,2020-02-26,2025-09-10,86,287,41.0,準現役
253,パチスロ ケロット4,パチスロ ケロット4,2020-03-11,2025-09-10,81,287,41.0,準現役
293,サンダーVライトニング,サンダーVライトニング,2020-04-30,2025-09-10,2,287,41.0,準現役
307,パチスロ モンキーターンⅣ,パチスロ モンキーターンⅣ,2020-06-03,2025-09-10,21,287,41.0,準現役
337,シャア専用パチスロ 逆襲の赤い彗星,シャア専用パチスロ 逆襲の赤い彗星,2020-08-12,2025-12-10,54,196,28.0,準現役
395,アイムジャグラーEX(2020年),アイムジャグラーEX(2020年),2021-01-04,2026-06-24,232,0,0.0,現役
397,パチスロひぐらしのなく頃に祭2,パチスロひぐらしのなく頃に祭2,2021-01-04,2025-09-10,17,287,41.0,準現役
411,パチスロ頭文字D,パチスロ頭文字D,2021-01-20,2025-09-10,91,287,41.0,準現役
432,パチスロ BIOHAZARD 7 resident evil,パチスロ BIOHAZARD 7 resident evil,2021-02-17,2025-09-10,91,287,41.0,準現役
442,PAわんわんパラダイスV GBA,PAわんわんパラダイスV GBA,2021-03-17,2024-10-30,183,602,86.0,準現役
453,パチスロ北斗の拳 宿命,パチスロ北斗の拳 宿命,2021-03-17,2025-09-10,18,287,41.0,準現役
469,ニューパルサーSPⅢ,ニューパルサーSPⅢ,2021-04-14,2025-09-10,73,287,41.0,準現役
492,P大海物語4 スペシャル BLACK SCA,P大海物語4 スペシャル BLACK SCA,2021-06-02,2024-09-25,140,637,91.0,準現役
503,チバリヨ-30(2021年),チバリヨ-30(2021年),2021-06-16,2025-09-10,110,287,41.0,準現役
511,P NEW TOKIO ハカマタイプ,P NEW TOKIO ハカマタイプ,2021-07-07,2026-06-24,184,0,0.0,現役
533,SLOT劇場版魔法少女まどか☆マギカ[前編]始まりの物語／[後編]永遠の物語,SLOT劇場版魔法少女まどか☆マギカ[前編]始まりの物語／[後編]永遠の物語,2021-08-11,2025-09-10,8,287,41.0,準現役
554,PA乗物娘 WITH CYBERJAPAN(R) DANCERS 77ver.,PA乗物娘 WITH CYBERJAPAN(R) DANCERS 77ver.,2021-09-29,2025-05-07,168,413,59.0,準現役
567,ファンキージャグラー2,ファンキージャグラー2,2021-10-20,2026-06-24,229,0,0.0,現役
569,Pうまい棒 4500～10500,Pうまい棒 4500～10500,2021-10-27,2025-04-09,121,441,63.0,準現役
576,P 009 RE:CYBORG ACCELERATOR EDITION M4-K,P 009 RE:CYBORG ACCELERATOR EDITION M4-K,2021-11-17,2026-06-10,141,14,2.0,現役
599,P野生の王国GO 99ver.,P野生の王国GO 99ver.,2021-12-15,2025-12-03,152,203,29.0,準現役
604,パチスロうまい棒(2021年),パチスロうまい棒(2021年),2021-12-22,2025-09-10,14,287,41.0,準現役
605,マイジャグラーⅤ,マイジャグラーⅤ,2021-12-22,2026-06-24,227,0,0.0,現役
611,パチスロ 戦姫絶唱シンフォギア 勇気の歌,パチスロ 戦姫絶唱シンフォギア 勇気の歌,2021-12-29,2025-09-10,75,287,41.0,準現役
612,沖ドキ!DUO,沖ドキ!DUO,2021-12-29,2025-09-10,103,287,41.0,準現役
613,沖ドキ!DUO-30,沖ドキ!DUO-30,2021-12-29,2025-09-10,91,287,41.0,準現役
615,P Re:ゼロから始める異世界生活 鬼がかりver.,P Re:ゼロから始める異世界生活 鬼がかりver.,2022-01-19,2025-02-05,139,504,72.0,準現役
621,バーサスリヴァイズ,バーサスリヴァイズ,2022-01-26,2025-09-10,111,287,41.0,準現役
628,パチスロ ディスクアップ2,パチスロ ディスクアップ2,2022-02-02,2025-09-10,134,287,41.0,準現役
630,パチスロアラジンAクラシック,パチスロアラジンAクラシック,2022-02-02,2025-09-10,41,287,41.0,準現役
633,押忍!番長ZERO,押忍!番長ZERO,2022-02-09,2025-09-10,104,287,41.0,準現役
642,ハナハナホウオウ～天翔～,ハナハナホウオウ～天翔～,2022-02-16,2025-09-10,71,287,41.0,準現役
643,ハナハナホウオウ～天翔～-30,ハナハナホウオウ～天翔～-30,2022-02-16,2026-01-07,183,168,24.0,準現役
650,SLOTマッピー,SLOTマッピー,2022-03-02,2025-09-10,35,287,41.0,準現役
665,ニューパルサーDXⅢ,ニューパルサーDXⅢ,2022-03-16,2025-09-10,38,287,41.0,準現役
670,沖ドキ!2-30,沖ドキ!2-30,2022-03-16,2025-09-10,18,287,41.0,準現役
681,パチスロ この素晴らしい世界に祝福を!,パチスロ この素晴らしい世界に祝福を!,2022-04-13,2026-06-24,202,0,0.0,現役
684,新ハナビ,新ハナビ,2022-04-20,2025-12-10,96,196,28.0,準現役
705,PAコマコマ倶楽部with坂本冬美 99ver.,PAコマコマ倶楽部with坂本冬美 99ver.,2022-06-15,2024-11-20,125,581,83.0,準現役
723,スーパーハナハナ2-30,スーパーハナハナ2-30,2022-07-13,2026-04-08,121,77,11.0,準現役
724,ニューゲッターマウス,ニューゲッターマウス,2022-07-13,2025-09-10,33,287,41.0,準現役
727,パチスロ 甲鉄城のカバネリ,パチスロ 甲鉄城のカバネリ,2022-07-13,2025-09-10,98,287,41.0,準現役
740,黄門ちゃま喝2,黄門ちゃま喝2,2022-08-10,2025-09-10,62,287,41.0,準現役
744,パチスロ 新鬼武者2,パチスロ 新鬼武者2,2022-08-17,2025-09-10,77,287,41.0,準現役
747,PA新海物語 ARBB,PA新海物語 ARBB,2022-08-31,2025-10-22,65,245,35.0,準現役
764,パチスロペルソナ5,パチスロペルソナ5,2022-09-14,2025-09-10,31,287,41.0,準現役
774,パチスロ バイオハザード RE:2,パチスロ バイオハザード RE:2,2022-10-12,2025-09-10,68,287,41.0,準現役
776,パチスロハードボイルド(2022年),パチスロハードボイルド(2022年),2022-10-12,2025-09-10,32,287,41.0,準現役
783,ハッピージャグラーVⅢ,ハッピージャグラーVⅢ,2022-11-02,2026-06-24,184,0,0.0,現役
795,花火絶景,花火絶景,2022-11-16,2025-09-10,16,287,41.0,準現役
798,Lパチスロ 革命機ヴァルヴレイヴ,Lパチスロ 革命機ヴァルヴレイヴ,2022-11-30,2025-11-12,132,224,32.0,準現役
799,L HEY!エリートサラリーマン鏡,L HEY!エリートサラリーマン鏡,2022-12-14,2025-09-10,31,287,41.0,準現役
816,沖ドキ!GOLD,沖ドキ!GOLD,2023-01-11,2026-06-24,172,0,0.0,現役
817,沖ドキ!GOLD-30,沖ドキ!GOLD-30,2023-01-11,2026-06-24,174,0,0.0,現役
820,Pスーパー海物語IN沖縄5 夜桜超旋風 99ver.,Pスーパー海物語IN沖縄5 夜桜超旋風 99ver.,2023-01-18,2026-06-24,171,0,0.0,現役
828,パチスロ モンスターハンターワールド:アイスボーン,パチスロ モンスターハンターワールド:アイスボーン,2023-02-08,2025-09-10,42,287,41.0,準現役
830,P大海物語5 MTE2,P大海物語5 MTE2,2023-02-15,2026-06-24,168,0,0.0,現役
831,P宇宙戦艦ヤマト2202 -ONLY ONE- LIGHT ver.,P宇宙戦艦ヤマト2202 -ONLY ONE- LIGHT ver.,2023-02-15,2026-06-24,137,0,0.0,現役
841,パチスロ盾の勇者の成り上がり,パチスロ盾の勇者の成り上がり,2023-03-01,2025-09-10,14,287,41.0,準現役
849,パチスロ機動戦士ガンダムユニコーン,パチスロ機動戦士ガンダムユニコーン,2023-03-15,2025-09-10,22,287,41.0,準現役
850,戦国コレクション5,戦国コレクション5,2023-03-15,2025-09-10,36,287,41.0,準現役
851,P 009 RE:CYBORG ACCELERATOR EDITION 99ver.,P 009 RE:CYBORG ACCELERATOR EDITION 99ver.,2023-03-29,2026-06-24,162,0,0.0,現役
854,キングハナハナ-30(2023年),キングハナハナ-30(2023年),2023-03-29,2026-06-24,163,0,0.0,現役
858,Lスマスロ北斗の拳,Lスマスロ北斗の拳,2023-04-12,2025-09-10,117,287,41.0,準現役
864,Lゴブリンスレイヤー,Lゴブリンスレイヤー,2023-04-26,2026-02-11,46,133,19.0,準現役
866,Pフィーバー炎炎ノ消防隊 G,Pフィーバー炎炎ノ消防隊 G,2023-04-26,2024-09-04,68,658,94.0,準現役
868,アナザーゴッドハーデス-解き放たれし槍撃ver.-,アナザーゴッドハーデス-解き放たれし槍撃ver.-,2023-04-26,2025-09-10,18,287,41.0,準現役
870,L主役は銭形4,L主役は銭形4,2023-05-17,2025-09-10,61,287,41.0,準現役
875,P北斗の拳 暴凶星 SFPA,P北斗の拳 暴凶星 SFPA,2023-05-17,2026-01-14,133,161,23.0,準現役
878,パチスロ 炎炎ノ消防隊,パチスロ 炎炎ノ消防隊,2023-05-17,2025-09-10,65,287,41.0,準現役
880,Lスロット ソードアート・オンライン,Lスロット ソードアート・オンライン,2023-05-24,2026-06-17,48,7,1.0,現役
899,パチスロコードギアス 反逆のルルーシュ3 C.C.&Kallen ver.,パチスロコードギアス 反逆のルルーシュ3 C.C.&Kallen ver.,2023-06-14,2025-09-10,31,287,41.0,準現役
906,Lパチスロ からくりサーカス,Lパチスロ からくりサーカス,2023-07-12,2025-10-29,115,238,34.0,準現役
907,PA大海物語5 Withアグネス・ラム ARBC,PA大海物語5 Withアグネス・ラム ARBC,2023-07-12,2026-06-24,148,0,0.0,現役
914,ゴーゴージャグラー3,ゴーゴージャグラー3,2023-07-12,2026-06-24,149,0,0.0,現役
916,パチスロナイツ,パチスロナイツ,2023-07-12,2025-09-10,27,287,41.0,準現役
917,PフィーバークィーンⅡ30th ANNIVERSARY EDITION V,PフィーバークィーンⅡ30th ANNIVERSARY EDITION V,2023-07-26,2026-04-22,21,63,9.0,準現役
919,パチスロ 戦国†恋姫,パチスロ 戦国†恋姫,2023-07-26,2026-03-04,90,112,16.0,準現役
923,Lぱちスロ 乃木坂46,Lぱちスロ 乃木坂46,2023-08-16,2025-09-10,41,287,41.0,準現役
925,Lスマスロキン肉マン～7人の悪魔超人編～,Lスマスロキン肉マン～7人の悪魔超人編～,2023-08-16,2026-06-10,53,14,2.0,現役
936,P新世紀エヴァンゲリオン～未来への咆哮～,P新世紀エヴァンゲリオン～未来への咆哮～,2023-09-06,2026-05-13,122,42,6.0,準現役
938,L戦国乙女4 戦乱に閃く炯眼の軍師,L戦国乙女4 戦乱に閃く炯眼の軍師,2023-09-13,2026-06-17,98,7,1.0,現役
943,パチスロ傷物語 -始マリノ刻-,パチスロ傷物語 -始マリノ刻-,2023-09-13,2025-09-10,12,287,41.0,準現役
944,ファミスタ回胴版!!,ファミスタ回胴版!!,2023-09-13,2025-09-10,41,287,41.0,準現役
945,回胴式遊技機 グランベルム,回胴式遊技機 グランベルム,2023-09-13,2025-09-10,31,287,41.0,準現役
946,L戦国コレクション5超極楽LOOP,L戦国コレクション5超極楽LOOP,2023-09-27,2025-09-10,53,287,41.0,準現役
947,L麻雀格闘倶楽部 覚醒,L麻雀格闘倶楽部 覚醒,2023-09-27,2025-09-10,67,287,41.0,準現役
953,Lスマスロ転生したらスライムだった件,Lスマスロ転生したらスライムだった件,2023-10-11,2025-09-10,15,287,41.0,準現役
966,L ひぐらしのなく頃に 業,L ひぐらしのなく頃に 業,2023-11-22,2025-09-10,9,287,41.0,準現役
967,Lスマスロとある魔術の禁書目録,Lスマスロとある魔術の禁書目録,2023-11-22,2025-09-10,28,287,41.0,準現役
974,P真・北斗無双 第4章 下剋上闘 GRPJ,P真・北斗無双 第4章 下剋上闘 GRPJ,2023-11-22,2024-07-24,34,700,100.0,準現役
976,パチスロ交響詩篇エウレカセブン HI-EVOLUTION ZERO TYPE-ART,パチスロ交響詩篇エウレカセブン HI-EVOLUTION ZERO TYPE-ART,2023-11-22,2025-12-03,64,203,29.0,準現役
979,e Re:ゼロから始める異世界生活 season2 M13,e Re:ゼロから始める異世界生活 season2 M13,2023-11-29,2026-01-07,99,168,24.0,準現役
982,LスマスロモンキーターンⅤ,LスマスロモンキーターンⅤ,2023-12-13,2026-06-24,120,0,0.0,現役
983,Lマジカルハロウィン8,Lマジカルハロウィン8,2023-12-13,2025-09-10,37,287,41.0,準現役
984,Lラブ嬢3～Wご指名はいかがですか?～,Lラブ嬢3～Wご指名はいかがですか?～,2023-12-13,2026-06-17,74,7,1.0,現役
985,L花の慶次～佐渡攻めの章～,L花の慶次～佐渡攻めの章～,2023-12-13,2024-07-24,29,700,100.0,準現役
988,P大海物語5 ブラック HCL,P大海物語5 ブラック HCL,2023-12-13,2026-06-24,116,0,0.0,現役
989,クランキークレスト,クランキークレスト,2023-12-13,2025-09-10,77,287,41.0,準現役
991,L スマスロバジリスク～甲賀忍法帖～絆2 天膳 BLACK EDITION,L スマスロバジリスク～甲賀忍法帖～絆2 天膳 BLACK EDITION,2023-12-27,2026-06-17,38,7,1.0,現役
992,Pぱちんこ シン・エヴァンゲリオン Type レイ,Pぱちんこ シン・エヴァンゲリオン Type レイ,2023-12-27,2025-05-07,67,413,59.0,準現役
996,ドラゴンハナハナ～閃光～-30,ドラゴンハナハナ～閃光～-30,2023-12-27,2026-06-24,126,0,0.0,現役
997,パチスロ ファイヤードリフト,パチスロ ファイヤードリフト,2023-12-27,2025-09-10,11,287,41.0,準現役
998,L 仮面ライダー 7RIDERS,L 仮面ライダー 7RIDERS,2024-01-17,2024-07-10,25,714,102.0,準現役
999,Lスマスロ バイオハザード:ヴィレッジ,Lスマスロ バイオハザード:ヴィレッジ,2024-01-17,2025-09-10,10,287,41.0,準現役
1000,Lパチスロ マクロスフロンティア4,Lパチスロ マクロスフロンティア4,2024-01-17,2025-09-10,18,287,41.0,準現役
1004,Pとある魔術の禁書目録2 JMZ,Pとある魔術の禁書目録2 JMZ,2024-01-17,2024-08-21,29,672,96.0,準現役
1008,Pポチッと一発!おだてブタ2 V1,Pポチッと一発!おだてブタ2 V1,2024-01-17,2026-06-24,122,0,0.0,現役
1011,P弾球黙示録カイジ沼5 V1U,P弾球黙示録カイジ沼5 V1U,2024-01-31,2024-10-09,34,623,89.0,準現役
1012,P真・花の慶次3 99ver.,P真・花の慶次3 99ver.,2024-01-31,2024-07-31,21,693,99.0,準現役
1013,L GⅠ優駿倶楽部黄金,L GⅠ優駿倶楽部黄金,2024-02-14,2025-09-10,32,287,41.0,準現役
1015,Lゴジラ対エヴァンゲリオン,Lゴジラ対エヴァンゲリオン,2024-02-14,2025-09-10,50,287,41.0,準現役
1016,Lストライクウィッチーズ2,Lストライクウィッチーズ2,2024-02-14,2024-08-06,26,687,98.1,準現役
1017,Lスマスロ コードギアス 反逆のルルーシュ/復活のルルーシュ,Lスマスロ コードギアス 反逆のルルーシュ/復活のルルーシュ,2024-02-14,2025-09-10,10,287,41.0,準現役
1019,Lパチスロガールズ＆パンツァー 最終章,Lパチスロガールズ＆パンツァー 最終章,2024-02-14,2025-12-03,21,203,29.0,準現役
1023,P新世紀エヴァンゲリオン ～未来への咆哮～ PREMIUM MODEL,P新世紀エヴァンゲリオン ～未来への咆哮～ PREMIUM MODEL,2024-02-14,2024-09-11,30,651,93.0,準現役
1025,P真・一騎当千～桃園の誓い～129ver.,P真・一騎当千～桃園の誓い～129ver.,2024-02-14,2024-12-18,38,553,79.0,準現役
1027,ワードオブライツⅡ,ワードオブライツⅡ,2024-02-14,2025-09-10,10,287,41.0,準現役
1029,Pニュートキオ GREEN V1,Pニュートキオ GREEN V1,2024-02-28,2024-11-27,20,574,82.0,準現役
1030,Pルパン三世 THE FIRST 99ver.,Pルパン三世 THE FIRST 99ver.,2024-02-28,2025-05-28,54,392,56.0,準現役
1031,Lスマスロキングパルサー,Lスマスロキングパルサー,2024-03-13,2025-09-10,18,287,41.0,準現役
1032,Lチバリヨ2,Lチバリヨ2,2024-03-13,2026-06-24,115,0,0.0,現役
1033,L南国育ち(2024年),L南国育ち(2024年),2024-03-13,2025-09-10,23,287,41.0,準現役
1035,PLT OVERLORD魔導王光臨 ME,PLT OVERLORD魔導王光臨 ME,2024-03-13,2024-07-10,14,714,102.0,準現役
1039,P世紀末・天才バカボン～福神SPEC～ LTH-JH,P世紀末・天才バカボン～福神SPEC～ LTH-JH,2024-03-13,2024-09-04,24,658,94.0,準現役
1040,P北斗の拳 強敵 LT SSPA,P北斗の拳 強敵 LT SSPA,2024-03-13,2025-04-02,48,448,64.0,準現役
1042,P緋弾のアリア ～緋緋神降臨～ ラッキートリガーVer.,P緋弾のアリア ～緋緋神降臨～ ラッキートリガーVer.,2024-03-13,2024-09-04,25,658,94.0,準現役
1045,パチスロ ガメラ2,パチスロ ガメラ2,2024-03-13,2025-09-10,31,287,41.0,準現役
1047,Lスマート沖スロ ドラゴンハナハナ～閃光～,Lスマート沖スロ ドラゴンハナハナ～閃光～,2024-03-27,2025-09-10,51,287,41.0,準現役
1048,L忍魂参 ～奥義皆伝ノ章～,L忍魂参 ～奥義皆伝ノ章～,2024-03-27,2025-09-10,19,287,41.0,準現役
1049,P sin 七つの大罪 強甘 2400Ver.,P sin 七つの大罪 強甘 2400Ver.,2024-03-27,2024-08-28,20,665,95.0,準現役
1050,P咲-Saki-全国編 テンパイ即リーver.,P咲-Saki-全国編 テンパイ即リーver.,2024-03-27,2024-08-06,14,687,98.1,準現役
1052,Lうる星やつら(2024年),Lうる星やつら(2024年),2024-04-17,2025-09-10,23,287,41.0,準現役
1053,Lスマスロ ゴールデンカムイ,Lスマスロ ゴールデンカムイ,2024-04-17,2026-04-29,18,56,8.0,準現役
1054,Lスマスロ ストライク・ザ・ブラッド,Lスマスロ ストライク・ザ・ブラッド,2024-04-17,2025-09-10,10,287,41.0,準現役
1056,Pひぐらしのなく頃に 輪廻転生 FM-JT,Pひぐらしのなく頃に 輪廻転生 FM-JT,2024-04-17,2024-07-10,11,714,102.0,準現役
1057,Pバイオハザード RE:2 LTver.,Pバイオハザード RE:2 LTver.,2024-04-17,2024-10-09,25,623,89.0,準現役
1060,P大工の源さん超韋駄天2 極源LighT,P大工の源さん超韋駄天2 極源LighT,2024-04-17,2024-10-09,25,623,89.0,準現役
1061,ジャグラーガールズSS,ジャグラーガールズSS,2024-04-17,2026-06-24,110,0,0.0,現役
1062,L押忍!番長4,L押忍!番長4,2024-05-01,2025-09-10,28,287,41.0,準現役
1063,P FAIRY TAIL これが七炎竜の力だ FSA,P FAIRY TAIL これが七炎竜の力だ FSA,2024-05-01,2024-09-04,18,658,94.0,準現役
1064,PAハイスクール・フリート オールスター すい～とでハッピー!2400,PAハイスクール・フリート オールスター すい～とでハッピー!2400,2024-05-01,2024-09-04,18,658,94.0,準現役
1066,P牙狼11～冴島大河～XX MU,P牙狼11～冴島大河～XX MU,2024-05-01,2025-01-08,22,532,76.0,準現役
1068,e新・必殺仕置人 超斬撃199,e新・必殺仕置人 超斬撃199,2024-05-01,2024-08-21,16,672,96.0,準現役
1069,パチスロ ダンジョンに出会いを求めるのは間違っているだろうか2,パチスロ ダンジョンに出会いを求めるのは間違っているだろうか2,2024-05-01,2025-09-10,12,287,41.0,準現役
1070,Pこの素晴らしい世界に祝福を! 199LT「このラッキートリガーに祝福を!」,Pこの素晴らしい世界に祝福を! 199LT「このラッキートリガーに祝福を!」,2024-05-08,2024-07-31,13,693,99.0,準現役
1071,L ウルトラマンティガ,L ウルトラマンティガ,2024-05-15,2024-07-10,9,714,102.0,準現役
1073,Lパチスロ 炎炎ノ消防隊(2024年),Lパチスロ 炎炎ノ消防隊(2024年),2024-05-15,2025-09-10,36,287,41.0,準現役
1075,Pゴブリンスレイヤー ラッキートリガーVer,Pゴブリンスレイヤー ラッキートリガーVer,2024-05-15,2024-09-11,17,651,93.0,準現役
1076,Pフィーバー炎炎ノ消防隊 Light ver.,Pフィーバー炎炎ノ消防隊 Light ver.,2024-05-15,2025-01-08,24,532,76.0,準現役
1078,P七つの大罪2 神千斬りVER.,P七つの大罪2 神千斬りVER.,2024-05-15,2024-07-03,7,721,103.0,準現役
1080,ニューパルサーSP4 with 太鼓の達人,ニューパルサーSP4 with 太鼓の達人,2024-05-15,2025-09-10,17,287,41.0,準現役
1081,L ToLOVEるダークネス,L ToLOVEるダークネス,2024-06-12,2025-09-10,59,287,41.0,準現役
1083,Lスマスロ痛いのは嫌なので防御力に極振りしたいと思います。,Lスマスロ痛いのは嫌なので防御力に極振りしたいと思います。,2024-06-12,2025-09-10,42,287,41.0,準現役
1084,L聖闘士星矢 海皇覚醒 CUSTOM EDITION,L聖闘士星矢 海皇覚醒 CUSTOM EDITION,2024-06-12,2026-06-03,26,21,3.0,現役
1085,P ToLOVEるダークネス H1YZ5,P ToLOVEるダークネス H1YZ5,2024-06-12,2024-12-04,24,567,81.0,準現役
1086,Pうる星やつら～Eternal Love Song～ L2-K,Pうる星やつら～Eternal Love Song～ L2-K,2024-06-12,2024-08-28,11,665,95.0,準現役
1087,Pギルティクラウン2 プレミアムライブチケット,Pギルティクラウン2 プレミアムライブチケット,2024-06-12,2024-07-10,5,714,102.0,準現役
1088,Pクイーンズブレイド4 UNLIMITED V1D,Pクイーンズブレイド4 UNLIMITED V1D,2024-06-12,2024-07-31,8,693,99.0,準現役
1089,Pフィーバー三国戦騎 7500,Pフィーバー三国戦騎 7500,2024-06-12,2024-08-06,8,687,98.1,準現役
1090,P頭文字D 2nd GFPG,P頭文字D 2nd GFPG,2024-06-12,2024-06-26,3,728,104.0,準現役
1091,P魔法少女まどか☆マギカ3 LM3,P魔法少女まどか☆マギカ3 LM3,2024-06-12,2024-09-11,13,651,93.0,準現役
1092,P魔王学院の不適合者 FMY,P魔王学院の不適合者 FMY,2024-06-12,2024-08-06,9,687,98.1,準現役
1093,アオハル♪操 A-LIVE,アオハル♪操 A-LIVE,2024-06-12,2025-09-10,17,287,41.0,準現役
1094,Pラブ嬢 ～極嬢のハーレム体験～ H1YZ6,Pラブ嬢 ～極嬢のハーレム体験～ H1YZ6,2024-06-26,2024-11-06,11,595,85.0,準現役
1095,沖ドキ!BLACK,沖ドキ!BLACK,2024-07-10,2026-06-24,98,0,0.0,現役
1096,L アカメが斬る!2,L アカメが斬る!2,2024-07-17,2024-08-06,4,687,98.1,準現役
1097,Lスマスロ真・北斗無双(2024年),Lスマスロ真・北斗無双(2024年),2024-07-17,2025-09-10,11,287,41.0,準現役
1098,Lパチスロ 戦姫絶唱シンフォギア 正義の歌,Lパチスロ 戦姫絶唱シンフォギア 正義の歌,2024-07-17,2025-09-10,15,287,41.0,準現役
1099,Pアズールレーン THE ANIMATION 異次元トリガー M4,Pアズールレーン THE ANIMATION 異次元トリガー M4,2024-07-17,2024-09-11,8,651,93.0,準現役
1100,Pフィーバーありふれた職業で世界最強 Light ver.,Pフィーバーありふれた職業で世界最強 Light ver.,2024-07-17,2024-08-06,4,687,98.1,準現役
1101,P花の慶次～傾奇一転 L-MX,P花の慶次～傾奇一転 L-MX,2024-07-17,2024-09-11,8,651,93.0,準現役
1102,P貞子 FMD,P貞子 FMD,2024-07-17,2025-05-14,42,406,58.0,準現役
1103,e花の慶次～傾奇一転 L2-MX,e花の慶次～傾奇一転 L2-MX,2024-07-17,2024-09-25,10,637,91.0,準現役
1104,ご～やちゃんぷる～-25,ご～やちゃんぷる～-25,2024-07-17,2024-07-31,3,693,99.0,準現役
1105,ご～やちゃんぷる～-30,ご～やちゃんぷる～-30,2024-07-17,2024-07-31,3,693,99.0,準現役
1106,バハマ30(2024年),バハマ30(2024年),2024-07-17,2024-08-06,4,687,98.1,準現役
1107,Lスマスロ ゴッドイーター リザレクション,Lスマスロ ゴッドイーター リザレクション,2024-07-31,2026-01-07,69,168,24.0,準現役
1108,Lスロット ゾンビランドサガ,Lスロット ゾンビランドサガ,2024-07-31,2026-05-06,28,49,7.0,準現役
1109,L賞金首Angel,L賞金首Angel,2024-07-31,2024-08-06,2,687,98.1,準現役
1110,PAこの素晴らしい世界に祝福を! 「このゆる甘99に祝福を!」,PAこの素晴らしい世界に祝福を! 「このゆる甘99に祝福を!」,2024-07-31,2024-09-04,5,658,94.0,準現役
1111,ミスタージャグラー,ミスタージャグラー,2024-07-31,2026-06-24,95,0,0.0,現役
1112,L D4DJ Pachi-Slot Mix,L D4DJ Pachi-Slot Mix,2024-08-21,2024-09-18,5,644,92.0,準現役
1113,Lスマスロ ゲゲゲの鬼太郎 覚醒,Lスマスロ ゲゲゲの鬼太郎 覚醒,2024-08-21,2025-09-10,14,287,41.0,準現役
1114,Lスマスロ トロピカーナ(2024年),Lスマスロ トロピカーナ(2024年),2024-08-21,2024-08-21,1,672,96.0,準現役
1115,Lワンパンマン,Lワンパンマン,2024-08-21,2024-10-02,7,630,90.0,準現役
1116,PAスーパー海物語 IN 地中海2 HLA,PAスーパー海物語 IN 地中海2 HLA,2024-08-21,2024-10-23,9,609,87.0,準現役
1117,Pフィーバー機動戦士ガンダムユニコーン 再来 -白き一角獣と黒き獅子- S,Pフィーバー機動戦士ガンダムユニコーン 再来 -白き一角獣と黒き獅子- S,2024-08-21,2024-10-09,8,623,89.0,準現役
1118,P百花繚乱 ご奉仕129ver.,P百花繚乱 ご奉仕129ver.,2024-08-21,2024-09-11,4,651,93.0,準現役
1119,eフィーバー機動戦士ガンダムユニコーン 再来 -白き一角獣と黒き獅子- R,eフィーバー機動戦士ガンダムユニコーン 再来 -白き一角獣と黒き獅子- R,2024-08-21,2025-03-19,29,462,66.0,準現役
1120,e北斗の拳10 GHEG,e北斗の拳10 GHEG,2024-08-21,2025-01-22,22,518,74.0,準現役
1121,Pドラムだ!金ドン 花火外伝 MP,Pドラムだ!金ドン 花火外伝 MP,2024-08-28,2024-12-04,15,567,81.0,準現役
1122,Pバンドリ! H1YZ4,Pバンドリ! H1YZ4,2024-08-28,2024-11-20,12,581,83.0,準現役
1123,Pリング 呪いの7日間3 ラッキートリガーVer.,Pリング 呪いの7日間3 ラッキートリガーVer.,2024-08-28,2025-01-08,17,532,76.0,準現役
1124,P七つの美徳 ゴールデンエンジェルタイム スイート99Ver.,P七つの美徳 ゴールデンエンジェルタイム スイート99Ver.,2024-08-28,2024-09-18,4,644,92.0,準現役
1125,デジハネP交響詩篇エウレカセブン ANEMONE 99ver.,デジハネP交響詩篇エウレカセブン ANEMONE 99ver.,2024-08-28,2024-10-02,6,630,90.0,準現役
1126,L A-SLOT+ この素晴らしい世界に祝福を!,L A-SLOT+ この素晴らしい世界に祝福を!,2024-09-11,2025-09-10,14,287,41.0,準現役
1127,Lパチスロ かぐや様は告らせたい,Lパチスロ かぐや様は告らせたい,2024-09-11,2026-05-06,82,49,7.0,準現役
1128,Lパチスロ閃乱カグラ2 SHINOVI MASTER,Lパチスロ閃乱カグラ2 SHINOVI MASTER,2024-09-11,2025-09-10,23,287,41.0,準現役
1129,PAコマコマ倶楽部with坂本冬美 99確変ループver.,PAコマコマ倶楽部with坂本冬美 99確変ループver.,2024-09-11,2024-12-18,13,553,79.0,準現役
1130,PAフィーバーかぐや様は告らせたい Light ver.,PAフィーバーかぐや様は告らせたい Light ver.,2024-09-11,2024-10-30,8,602,86.0,準現役
1131,Pとある科学の超電磁砲2 JMB,Pとある科学の超電磁砲2 JMB,2024-09-11,2025-01-08,11,532,76.0,準現役
1132,Pルパン三世 銭形からの招待状 77Sweet Ver.,Pルパン三世 銭形からの招待状 77Sweet Ver.,2024-09-11,2025-01-08,17,532,76.0,準現役
1133,e 仮面ライダー電王 KL12,e 仮面ライダー電王 KL12,2024-09-11,2025-01-22,19,518,74.0,準現役
1134,eキョンシー ライトミドル 新CタイムVer.,eキョンシー ライトミドル 新CタイムVer.,2024-09-11,2024-09-25,3,637,91.0,準現役
1135,eゴッドイーター TRIPLE BURST MJ,eゴッドイーター TRIPLE BURST MJ,2024-09-11,2025-01-08,17,532,76.0,準現役
1136,パチスロL黄門ちゃま天,パチスロL黄門ちゃま天,2024-09-11,2024-10-09,5,623,89.0,準現役
1137,P アズールレーン THE ANIMATION 異次元トリガー M4,P アズールレーン THE ANIMATION 異次元トリガー M4,2024-09-18,2025-05-07,22,413,59.0,準現役
1138,P 新世紀エヴァンゲリオン ～未来への咆哮～ PREMIUM MODEL,P 新世紀エヴァンゲリオン ～未来への咆哮～ PREMIUM MODEL,2024-09-18,2025-10-01,35,266,38.0,準現役
1139,P 百花繚乱 ご奉仕129ver.,P 百花繚乱 ご奉仕129ver.,2024-09-18,2024-12-04,9,567,81.0,準現役
1140,P 魔法少女まどか☆マギカ3 LM3,P 魔法少女まどか☆マギカ3 LM3,2024-09-18,2025-08-13,46,315,45.0,準現役
1141,P DD北斗の拳3 V1C,P DD北斗の拳3 V1C,2024-09-25,2024-10-09,3,623,89.0,準現役
1142,PAワンパンマン 99ver.,PAワンパンマン 99ver.,2024-09-25,2024-10-09,3,623,89.0,準現役
1143,Pいくさの子 織田三郎信長伝 GFPF,Pいくさの子 織田三郎信長伝 GFPF,2024-09-25,2024-10-16,4,616,88.0,準現役
1144,Pメイドインアビス 虹の黄金域 MR,Pメイドインアビス 虹の黄金域 MR,2024-09-25,2024-10-16,4,616,88.0,準現役
1145,P攻殻機動隊SAC_2045 199LTver.,P攻殻機動隊SAC_2045 199LTver.,2024-09-25,2024-11-20,9,581,83.0,準現役
1146,パチスロハイパーラッシュ(2024年),パチスロハイパーラッシュ(2024年),2024-09-25,2025-09-10,34,287,41.0,準現役
1147,P大海物語4スペシャル BLACK SCA,P大海物語4スペシャル BLACK SCA,2024-10-02,2026-06-24,78,0,0.0,現役
1148,L 真・一騎当千,L 真・一騎当千,2024-10-16,2025-09-10,29,287,41.0,準現役
1149,Lスマスロ 鬼武者3(2024年),Lスマスロ 鬼武者3(2024年),2024-10-16,2025-09-10,7,287,41.0,準現役
1150,Lスマスロ頭文字D 2nd,Lスマスロ頭文字D 2nd,2024-10-16,2025-09-10,15,287,41.0,準現役
1151,L今日から俺は!! パチスロ編,L今日から俺は!! パチスロ編,2024-10-16,2025-09-10,15,287,41.0,準現役
1152,P CYBORG009 RULE OF SACRIFICE VS SCARL BODY EDITION 199,P CYBORG009 RULE OF SACRIFICE VS SCARL BODY EDITION 199,2024-10-16,2024-12-04,8,567,81.0,準現役
1153,P 宇宙戦艦ヤマト2202 超波動 G,P 宇宙戦艦ヤマト2202 超波動 G,2024-10-16,2024-11-06,4,595,85.0,準現役
1154,PAわんわんパラダイスCELEBRATION AGBD,PAわんわんパラダイスCELEBRATION AGBD,2024-10-16,2026-06-24,75,0,0.0,現役
1155,Pフィーバー革命機ヴァルヴレイヴ3 Light ver.,Pフィーバー革命機ヴァルヴレイヴ3 Light ver.,2024-10-16,2024-11-06,4,595,85.0,準現役
1156,Pルパン三世 ONE COLLECTION H1YZ4,Pルパン三世 ONE COLLECTION H1YZ4,2024-10-16,2025-02-19,16,490,70.0,準現役
1157,P中森明菜・歌姫伝説～BLACK DIVA 愛～ KD-NS,P中森明菜・歌姫伝説～BLACK DIVA 愛～ KD-NS,2024-10-16,2025-11-05,27,231,33.0,準現役
1158,e 乃木坂46 Ⅱ K4,e 乃木坂46 Ⅱ K4,2024-10-16,2024-12-04,8,567,81.0,準現役
1159,P大海物語4スペシャル E,P大海物語4スペシャル E,2024-10-23,2024-10-23,1,609,87.0,準現役
1160,Lスロット Re:ゼロから始める異世界生活 season2,Lスロット Re:ゼロから始める異世界生活 season2,2024-10-30,2025-09-10,11,287,41.0,準現役
1161,P弾球黙示録カイジ沼5 ざわっ・・・79Ver.,P弾球黙示録カイジ沼5 ざわっ・・・79Ver.,2024-10-30,2026-06-24,82,0,0.0,現役
1162,P江頭2:50inナナシーLT V3,P江頭2:50inナナシーLT V3,2024-10-30,2025-01-08,10,532,76.0,準現役
1163,L 新・必殺仕置人 回胴 CRASH SPEC,L 新・必殺仕置人 回胴 CRASH SPEC,2024-11-13,2024-12-18,6,553,79.0,準現役
1164,Lバンドリ!,Lバンドリ!,2024-11-13,2026-03-25,9,91,13.0,準現役
1165,Pモンスターハンターライズ GRPG,Pモンスターハンターライズ GRPG,2024-11-13,2025-01-22,10,518,74.0,準現役
1166,Pラブ嬢 ～極嬢のハーレム体験～ 129ver.,Pラブ嬢 ～極嬢のハーレム体験～ 129ver.,2024-11-13,2025-02-05,12,504,72.0,準現役
1167,Pリング 呪いの7日間3 甘デジver.,Pリング 呪いの7日間3 甘デジver.,2024-11-13,2024-12-11,5,560,80.0,準現役
1168,P大海物語5スペシャル ALTA,P大海物語5スペシャル ALTA,2024-11-13,2026-06-24,80,0,0.0,現役
1169,P義風堂々!!～兼続と慶次～3 199ver.,P義風堂々!!～兼続と慶次～3 199ver.,2024-11-13,2025-01-08,8,532,76.0,準現役
1170,P転生したらスライムだった件 NB,P転生したらスライムだった件 NB,2024-11-13,2025-01-08,8,532,76.0,準現役
1171,e スマパチ SSSS.GRIDMAN XVSM,e スマパチ SSSS.GRIDMAN XVSM,2024-11-13,2024-12-11,5,560,80.0,準現役
1172,eフィーバーからくりサーカス2 魔王ver.,eフィーバーからくりサーカス2 魔王ver.,2024-11-13,2026-01-07,45,168,24.0,準現役
1173,e大海物語5スペシャル ELTA4,e大海物語5スペシャル ELTA4,2024-11-13,2026-06-24,72,0,0.0,現役
1174,Lスマスロ モンスターハンターライズ,Lスマスロ モンスターハンターライズ,2024-11-27,2026-01-07,52,168,24.0,準現役
1175,Lスマート沖スロ 超華祭,Lスマート沖スロ 超華祭,2024-11-27,2024-12-11,3,560,80.0,準現役
1176,Lダブルアタック2 withOZS-1000＆RAPHAEL,Lダブルアタック2 withOZS-1000＆RAPHAEL,2024-11-27,2024-12-04,2,567,81.0,準現役
1177,P にゃんこ大戦争 多様性のネコ M4,P にゃんこ大戦争 多様性のネコ M4,2024-11-27,2025-07-30,33,329,47.0,準現役
1178,PA銀河英雄伝説 Die Neue These 遊パチスペック,PA銀河英雄伝説 Die Neue These 遊パチスペック,2024-11-27,2024-12-25,5,546,78.0,準現役
1179,L 犬夜叉2,L 犬夜叉2,2024-12-11,2025-09-10,7,287,41.0,準現役
1180,Lスマスロ 聖戦士ダンバイン,Lスマスロ 聖戦士ダンバイン,2024-12-11,2025-09-10,13,287,41.0,準現役
1181,Lルパン三世 大航海者の秘宝,Lルパン三世 大航海者の秘宝,2024-12-11,2025-09-10,18,287,41.0,準現役
1182,L桃太郎電鉄 ～パチスロも定番!～,L桃太郎電鉄 ～パチスロも定番!～,2024-12-11,2025-09-10,11,287,41.0,準現役
1183,P ToLOVEるダークネス 199ver.,P ToLOVEるダークネス 199ver.,2024-12-11,2025-02-05,8,504,72.0,準現役
1184,P ゴジラ対エヴァンゲリオン セカンドインパクト G R,P ゴジラ対エヴァンゲリオン セカンドインパクト G R,2024-12-11,2025-02-05,8,504,72.0,準現役
1185,Pえとたま2 神祭 MY,Pえとたま2 神祭 MY,2024-12-11,2025-01-08,4,532,76.0,準現役
1186,Pフィーバー機動戦士ガンダムSEED LT-Light ver.,Pフィーバー機動戦士ガンダムSEED LT-Light ver.,2024-12-11,2025-01-15,5,525,75.0,準現役
1187,P盾の勇者の成り上がり GFPC,P盾の勇者の成り上がり GFPC,2024-12-11,2025-02-05,8,504,72.0,準現役
1188,P真・一騎当千～桃園の誓い～ 199LTver.,P真・一騎当千～桃園の誓い～ 199LTver.,2024-12-11,2025-02-19,9,490,70.0,準現役
1189,e大工の源さん超韋駄天2 フルスイングLT,e大工の源さん超韋駄天2 フルスイングLT,2024-12-11,2025-01-08,4,532,76.0,準現役
1190,ウルトラミラクルジャグラー,ウルトラミラクルジャグラー,2024-12-11,2026-06-24,77,0,0.0,現役
1191,沖ドキ!ゴージャス,沖ドキ!ゴージャス,2024-12-11,2026-06-24,77,0,0.0,現役
1192,沖ドキ!ゴージャス-30,沖ドキ!ゴージャス-30,2024-12-11,2026-06-24,77,0,0.0,現役
1193,Lスマスロ 一方通行 とある魔術の禁書目録,Lスマスロ 一方通行 とある魔術の禁書目録,2024-12-25,2025-09-10,6,287,41.0,準現役
1194,Lスーパービンゴネオ(2024年),Lスーパービンゴネオ(2024年),2024-12-25,2026-04-29,35,56,8.0,準現役
1195,Lパチスロ ダンベル何キロ持てる?,Lパチスロ ダンベル何キロ持てる?,2024-12-25,2025-09-10,10,287,41.0,準現役
1196,P STEINS；GATE 0 L2-K,P STEINS；GATE 0 L2-K,2024-12-25,2025-03-05,10,476,68.0,準現役
1197,e ゴジラ対エヴァンゲリオン セカンドインパクト G～破壊神覚醒～ bA,e ゴジラ対エヴァンゲリオン セカンドインパクト G～破壊神覚醒～ bA,2024-12-25,2025-02-05,6,504,72.0,準現役
1198,e ソードアート・オンライン 閃光の軌跡 K7,e ソードアート・オンライン 閃光の軌跡 K7,2024-12-25,2026-06-24,39,0,0.0,現役
1199,L サラリーマン金太郎(2025年),L サラリーマン金太郎(2025年),2025-01-15,2025-09-10,12,287,41.0,準現役
1200,Lチバリヨ2プラス,Lチバリヨ2プラス,2025-01-15,2026-05-27,29,28,4.0,現役
1201,PA世紀末・天才バカボン～神SPEC凱旋～ 99ver.,PA世紀末・天才バカボン～神SPEC凱旋～ 99ver.,2025-01-15,2025-02-12,5,497,71.0,準現役
1202,PLTジューシーハニー極嬢 MA,PLTジューシーハニー極嬢 MA,2025-01-15,2025-03-12,9,469,67.0,準現役
1203,Pネオモンスターハウス 99Ver.,Pネオモンスターハウス 99Ver.,2025-01-15,2025-08-13,30,315,45.0,準現役
1204,P世界最高の暗殺者、異世界貴族に転生する JMB,P世界最高の暗殺者、異世界貴族に転生する JMB,2025-01-15,2025-03-19,9,462,66.0,準現役
1205,P戦国乙女7 終焉の関ケ原 L9YY7,P戦国乙女7 終焉の関ケ原 L9YY7,2025-01-15,2025-07-09,22,350,50.0,準現役
1206,P清流物語4 ヌシを求めて4000匹 HLC,P清流物語4 ヌシを求めて4000匹 HLC,2025-01-15,2025-04-09,12,441,63.0,準現役
1207,e ULTRAMAN 2400★80,e ULTRAMAN 2400★80,2025-01-15,2025-02-05,4,504,72.0,準現役
1208,eぱちんこ押忍!番長 漢の頂 L09,eぱちんこ押忍!番長 漢の頂 L09,2025-01-15,2026-02-04,50,140,20.0,準現役
1209,eフィーバー戦姫絶唱シンフォギア4 キャロルver.,eフィーバー戦姫絶唱シンフォギア4 キャロルver.,2025-01-15,2025-03-05,8,476,68.0,準現役
1210,スターハナハナ-30,スターハナハナ-30,2025-01-15,2026-06-24,55,0,0.0,現役
1211,L A-SLOT+ ディスクアップ ULTRAREMIX,L A-SLOT+ ディスクアップ ULTRAREMIX,2025-01-29,2026-06-24,47,0,0.0,現役
1212,L にゃんこ大戦争 超神速,L にゃんこ大戦争 超神速,2025-01-29,2025-09-10,8,287,41.0,準現役
1213,Lスマート沖スロ スターハナハナ,Lスマート沖スロ スターハナハナ,2025-01-29,2025-09-10,22,287,41.0,準現役
1214,Lパチスロ シン・エヴァンゲリオン,Lパチスロ シン・エヴァンゲリオン,2025-01-29,2025-09-10,7,287,41.0,準現役
1215,L七つの魔剣が支配する,L七つの魔剣が支配する,2025-01-29,2026-04-01,42,84,12.0,準現役
1216,L島娘(2025年),L島娘(2025年),2025-01-29,2025-09-10,11,287,41.0,準現役
1217,PA花の慶次 裂 99ver.,PA花の慶次 裂 99ver.,2025-01-29,2025-04-09,10,441,63.0,準現役
1218,Pゲゲゲの鬼太郎 獅子奮迅 99ver.,Pゲゲゲの鬼太郎 獅子奮迅 99ver.,2025-01-29,2025-05-07,15,413,59.0,準現役
1219,Pハネモノ ファミリースタジアム MD,Pハネモノ ファミリースタジアム MD,2025-01-29,2026-06-24,57,0,0.0,現役
1220,Pブラックラグーン4 EXTRA BULLET 129ver.,Pブラックラグーン4 EXTRA BULLET 129ver.,2025-01-29,2025-04-23,13,427,61.0,準現役
1221,P花の慶次 裂 蓮極129ver.,P花の慶次 裂 蓮極129ver.,2025-01-29,2025-04-09,11,441,63.0,準現役
1222,L 東京喰種,L 東京喰種,2025-02-12,2026-06-24,69,0,0.0,現役
1223,Lスマスロ シャーマンキング,Lスマスロ シャーマンキング,2025-02-12,2026-06-17,54,7,1.0,現役
1224,Lスマスロスーパーブラックジャック(2025年),Lスマスロスーパーブラックジャック(2025年),2025-02-12,2026-04-01,50,84,12.0,準現役
1225,Lパチスロ ありふれた職業で世界最強,Lパチスロ ありふれた職業で世界最強,2025-02-12,2025-09-10,13,287,41.0,準現役
1226,P 冬のソナタ My Memory M7,P 冬のソナタ My Memory M7,2025-02-12,2025-03-26,7,455,65.0,準現役
1227,PLT OVERLORD魔導王光臨 129ver.,PLT OVERLORD魔導王光臨 129ver.,2025-02-12,2025-03-12,5,469,67.0,準現役
1228,Pとある魔術の禁書目録2 Light PREMIUM 2000 ver.,Pとある魔術の禁書目録2 Light PREMIUM 2000 ver.,2025-02-12,2025-11-05,35,231,33.0,準現役
1229,Pぱちんこ シン・エヴァンゲリオン 129 LT ver.,Pぱちんこ シン・エヴァンゲリオン 129 LT ver.,2025-02-12,2025-10-01,32,266,38.0,準現役
1230,Pフィーバー戦姫絶唱シンフォギア4 199ver.,Pフィーバー戦姫絶唱シンフォギア4 199ver.,2025-02-12,2025-04-09,9,441,63.0,準現役
1231,P愛の不時着 MF,P愛の不時着 MF,2025-02-12,2025-02-26,3,483,69.0,準現役
1232,eルパン三世 ONE COLLECTION 超ブチヌキLT ver.,eルパン三世 ONE COLLECTION 超ブチヌキLT ver.,2025-02-12,2025-05-07,12,413,59.0,準現役
1233,e蒼天の拳 羅龍 SREN,e蒼天の拳 羅龍 SREN,2025-02-12,2025-04-23,11,427,61.0,準現役
1234,e閃乱カグラ LTM-JF,e閃乱カグラ LTM-JF,2025-02-12,2025-05-07,11,413,59.0,準現役
1235,Pクイーンズブレイド4 ナナエルver.,Pクイーンズブレイド4 ナナエルver.,2025-02-26,2025-09-10,23,287,41.0,準現役
1236,Pデビルマン THE FINAL N4-S,Pデビルマン THE FINAL N4-S,2025-02-26,2025-04-09,6,441,63.0,準現役
1237,P緋弾のアリア ～緋緋神降臨～ 199Ver.,P緋弾のアリア ～緋緋神降臨～ 199Ver.,2025-02-26,2025-04-16,8,434,62.0,準現役
1238,L Sister Quest(2025年),L Sister Quest(2025年),2025-03-12,2025-09-10,11,287,41.0,準現役
1239,L スマスロ バイオハザード5(2025年),L スマスロ バイオハザード5(2025年),2025-03-12,2025-09-17,27,280,40.0,準現役
1240,Lてぃだどんどん,Lてぃだどんどん,2025-03-12,2025-03-19,2,462,66.0,準現役
1241,L回胴黙示録カイジ 狂宴,L回胴黙示録カイジ 狂宴,2025-03-12,2025-09-10,14,287,41.0,準現役
1242,L少女☆歌劇 レヴュースタァライト -The SLOT-,L少女☆歌劇 レヴュースタァライト -The SLOT-,2025-03-12,2026-06-03,56,21,3.0,現役
1243,P FAIRY TAIL 89Ver.,P FAIRY TAIL 89Ver.,2025-03-12,2025-11-05,27,231,33.0,準現役
1244,P リングにかけろ1 L5-S,P リングにかけろ1 L5-S,2025-03-12,2025-03-26,3,455,65.0,準現役
1245,P 俺の妹がこんなに可愛いわけがない。 M3,P 俺の妹がこんなに可愛いわけがない。 M3,2025-03-12,2025-04-02,4,448,64.0,準現役
1246,PA大海物語5 ブラック LT99ver.,PA大海物語5 ブラック LT99ver.,2025-03-12,2026-06-24,64,0,0.0,現役
1247,Pバンドリ! Light ver.,Pバンドリ! Light ver.,2025-03-12,2025-04-09,5,441,63.0,準現役
1248,eフィーバーダンジョンに出会いを求めるのは間違っているだろうか2 G,eフィーバーダンジョンに出会いを求めるのは間違っているだろうか2 G,2025-03-12,2025-04-09,5,441,63.0,準現役
1249,L 仮面ライダー電王,L 仮面ライダー電王,2025-03-26,2025-09-10,5,287,41.0,準現役
1250,P モモキュンソード 速撃3000+,P モモキュンソード 速撃3000+,2025-03-26,2025-05-07,7,413,59.0,準現役
1251,PAひぐらしのなく頃に 輪廻転生 99Ver.,PAひぐらしのなく頃に 輪廻転生 99Ver.,2025-03-26,2025-06-11,12,378,54.0,準現役
1252,PA魔王学院の不適合者 魔王再臨 99Ver,PA魔王学院の不適合者 魔王再臨 99Ver,2025-03-26,2025-08-06,14,322,46.0,準現役
1253,Pうまい棒2 V3,Pうまい棒2 V3,2025-03-26,2025-12-31,36,175,25.0,準現役
1254,Pうる星やつら～Eternal Love Song～ 129ver.,Pうる星やつら～Eternal Love Song～ 129ver.,2025-03-26,2025-05-07,7,413,59.0,準現役
1255,e真・北斗無双 第5章 ドデカSTART,e真・北斗無双 第5章 ドデカSTART,2025-03-26,2025-10-01,23,266,38.0,準現役
1256,Lうしおととら白面決戦VH,Lうしおととら白面決戦VH,2025-04-16,2025-09-10,4,287,41.0,準現役
1257,Lゴジラ(2025年),Lゴジラ(2025年),2025-04-16,2025-09-10,7,287,41.0,準現役
1258,Lスマスロ マギアレコード 魔法少女まどか☆マギカ外伝,Lスマスロ マギアレコード 魔法少女まどか☆マギカ外伝,2025-04-16,2026-06-17,59,7,1.0,現役
1259,Lスマート沖スロ アメイジングライブ,Lスマート沖スロ アメイジングライブ,2025-04-16,2025-04-23,2,427,61.0,準現役
1260,Pアナザーゴッドハーデス-獄炎- SB,Pアナザーゴッドハーデス-獄炎- SB,2025-04-16,2025-05-21,6,399,57.0,準現役
1261,Pフィーバーうたわれるもの 199ver.,Pフィーバーうたわれるもの 199ver.,2025-04-16,2025-06-04,8,385,55.0,準現役
1262,P少女☆歌劇 レヴュースタァライト ラッキートリガー4500,P少女☆歌劇 レヴュースタァライト ラッキートリガー4500,2025-04-16,2025-08-06,16,322,46.0,準現役
1263,e シン・ウルトラマン K3,e シン・ウルトラマン K3,2025-04-16,2025-05-21,6,399,57.0,準現役
1264,eフィーバーうたわれるもの Z,eフィーバーうたわれるもの Z,2025-04-16,2025-05-07,4,413,59.0,準現役
1265,e牙狼 神速神撃3000LT,e牙狼 神速神撃3000LT,2025-04-16,2025-07-09,12,350,50.0,準現役
1266,Lスマスロ アイドルマスター ミリオンライブ! ネクストプロローグ,Lスマスロ アイドルマスター ミリオンライブ! ネクストプロローグ,2025-04-30,2025-09-10,5,287,41.0,準現役
1267,L吉宗(2025年),L吉宗(2025年),2025-04-30,2026-02-04,38,140,20.0,準現役
1268,L麻雀物語(2025年),L麻雀物語(2025年),2025-04-30,2025-09-10,12,287,41.0,準現役
1269,Pゾンビランドサガ SCPC,Pゾンビランドサガ SCPC,2025-04-30,2025-07-02,8,357,51.0,準現役
1270,P痛いのは嫌なので防御力に極振りしたいと思います。 FHZ,P痛いのは嫌なので防御力に極振りしたいと思います。 FHZ,2025-04-30,2025-07-09,9,350,50.0,準現役
1271,e 東京喰種 W,e 東京喰種 W,2025-04-30,2026-06-24,57,0,0.0,現役
1272,Lスマスロ ようこそ実力至上主義の教室へ,Lスマスロ ようこそ実力至上主義の教室へ,2025-05-14,2025-09-10,6,287,41.0,準現役
1273,Lスマスロ 緑ドン VIVA!情熱南米編 REVIVAL,Lスマスロ 緑ドン VIVA!情熱南米編 REVIVAL,2025-05-14,2025-09-10,8,287,41.0,準現役
1274,Lパチスロ 機動戦士ガンダムSEED,Lパチスロ 機動戦士ガンダムSEED,2025-05-14,2025-09-10,6,287,41.0,準現役
1275,P ToLOVEるダークネス 100ver.,P ToLOVEるダークネス 100ver.,2025-05-14,2025-06-11,5,378,54.0,準現役
1276,P 宇宙戦艦ヤマト2202 超波動 森雪 199LT ver.,P 宇宙戦艦ヤマト2202 超波動 森雪 199LT ver.,2025-05-14,2025-06-04,4,385,55.0,準現役
1277,P 織田信奈の野望 下剋上 V1D,P 織田信奈の野望 下剋上 V1D,2025-05-14,2025-07-09,7,350,50.0,準現役
1278,PLT世界でいちばん強くなりたい!2 MQ,PLT世界でいちばん強くなりたい!2 MQ,2025-05-14,2025-06-04,4,385,55.0,準現役
1279,Pフィーバー機動戦士ガンダムユニコーン再来 129ver.,Pフィーバー機動戦士ガンダムユニコーン再来 129ver.,2025-05-14,2025-05-28,3,392,56.0,準現役
1280,P乗物娘 with CYBER JAPAN DANCERS 2nd season LM3,P乗物娘 with CYBER JAPAN DANCERS 2nd season LM3,2025-05-14,2025-06-04,4,385,55.0,準現役
1281,P攻殻機動隊SAC_2045 大入りLTver,P攻殻機動隊SAC_2045 大入りLTver,2025-05-14,2025-07-02,7,357,51.0,準現役
1282,P海物語 極JAPAN HTH,P海物語 極JAPAN HTH,2025-05-14,2025-11-05,23,231,33.0,準現役
1283,e 仮面ライダーBLACK KRJ2,e 仮面ライダーBLACK KRJ2,2025-05-14,2025-07-02,7,357,51.0,準現役
1284,デジハネP北斗の拳 慈母 SSPC,デジハネP北斗の拳 慈母 SSPC,2025-05-14,2026-06-24,52,0,0.0,現役
1285,P【超甘LT】江頭2:50inナナシー 奇跡の99%,P【超甘LT】江頭2:50inナナシー 奇跡の99%,2025-05-21,2025-06-04,3,385,55.0,準現役
1286,L ToLOVEるダークネス TRANCE ver.8.7,L ToLOVEるダークネス TRANCE ver.8.7,2025-05-28,2026-06-24,52,0,0.0,現役
1287,L花笠,L花笠,2025-05-28,2025-09-10,5,287,41.0,準現役
1288,Pフィーバー機動戦士ガンダムユニコーン 再来 129ver.,Pフィーバー機動戦士ガンダムユニコーン 再来 129ver.,2025-06-04,2025-07-23,7,336,48.0,準現役
1289,L ULTRAMAN,L ULTRAMAN,2025-06-11,2025-09-10,2,287,41.0,準現役
1290,L スマスロ デビル メイ クライ 5 スタイリッシュトライブ,L スマスロ デビル メイ クライ 5 スタイリッシュトライブ,2025-06-11,2025-10-29,19,238,34.0,準現役
1291,LBスマスロニューパルサーBT,LBスマスロニューパルサーBT,2025-06-11,2025-09-10,5,287,41.0,準現役
1292,LBパチスロ1000ちゃんA,LBパチスロ1000ちゃんA,2025-06-11,2025-09-10,5,287,41.0,準現役
1293,LBプレミアムうまい棒,LBプレミアムうまい棒,2025-06-11,2025-09-10,6,287,41.0,準現役
1294,LB翔べ!ハーレムエース,LB翔べ!ハーレムエース,2025-06-11,2025-09-10,11,287,41.0,準現役
1295,Lいざ!番長,Lいざ!番長,2025-06-11,2026-02-04,32,140,20.0,準現役
1296,Lスマスロ ギルティクラウン2,Lスマスロ ギルティクラウン2,2025-06-11,2025-09-10,7,287,41.0,準現役
1297,P DD北斗の拳3 百突99ver.,P DD北斗の拳3 百突99ver.,2025-06-11,2025-07-23,6,336,48.0,準現役
1298,PA海物語3R3 LBA(クリスタルシェル),PA海物語3R3 LBA(クリスタルシェル),2025-06-11,2025-07-02,3,357,51.0,準現役
1299,PLT激デジ ジューシーハニー極嬢 77LT-ARB,PLT激デジ ジューシーハニー極嬢 77LT-ARB,2025-06-11,2025-09-24,12,273,39.0,準現役
1300,Pフィーバーマクロスフロンティア5 LT-Light ver.,Pフィーバーマクロスフロンティア5 LT-Light ver.,2025-06-11,2025-07-30,6,329,47.0,準現役
1301,P緋弾のアリア ～緋緋神降臨～ 88Ver.,P緋弾のアリア ～緋緋神降臨～ 88Ver.,2025-06-11,2025-09-10,12,287,41.0,準現役
1302,e 新・必殺仕置人S 超斬撃99,e 新・必殺仕置人S 超斬撃99,2025-06-11,2025-07-16,5,343,49.0,準現役
1303,eフィーバー彼女、お借りします H,eフィーバー彼女、お借りします H,2025-06-11,2025-09-10,11,287,41.0,準現役
1304,e冴えない彼女の育てかた LX04,e冴えない彼女の育てかた LX04,2025-06-11,2025-07-30,7,329,47.0,準現役
1305,e範馬刃牙 XAM2,e範馬刃牙 XAM2,2025-06-11,2025-08-27,10,301,43.0,準現役
1306,デジハネPモンスターハンターライズ GSPB,デジハネPモンスターハンターライズ GSPB,2025-06-11,2025-07-09,4,350,50.0,準現役
1307,L 絶対衝激～PLATONIC HEART～,L 絶対衝激～PLATONIC HEART～,2025-06-18,2025-09-10,6,287,41.0,準現役
1308,デカスタP戦国無双 HM3,デカスタP戦国無双 HM3,2025-06-18,2025-08-13,8,315,45.0,準現役
1309,LBアレックス ブライト,LBアレックス ブライト,2025-07-16,2026-04-29,37,56,8.0,準現役
1310,LBパチスロ ヱヴァンゲリヲン ～約束の扉～,LBパチスロ ヱヴァンゲリヲン ～約束の扉～,2025-07-16,2025-11-05,16,231,33.0,準現役
1311,Lわたしの幸せな結婚,Lわたしの幸せな結婚,2025-07-16,2025-09-10,9,287,41.0,準現役
1312,PA CYBORG009 RULE OF SACRIFICE LT99Ver,PA CYBORG009 RULE OF SACRIFICE LT99Ver,2025-07-16,2025-09-10,8,287,41.0,準現役
1313,PAフィーバー機動戦士ガンダムユニコーン 再来 99ver.,PAフィーバー機動戦士ガンダムユニコーン 再来 99ver.,2025-07-16,2025-08-06,4,322,46.0,準現役
1314,Pドラムだ!金ドン 花火外伝 99ver.,Pドラムだ!金ドン 花火外伝 99ver.,2025-07-16,2025-08-06,4,322,46.0,準現役
1315,e 犬夜叉3.0 LTM-TS,e 犬夜叉3.0 LTM-TS,2025-07-16,2025-07-30,3,329,47.0,準現役
1316,eフィーバー炎炎ノ消防隊2 シンラver.,eフィーバー炎炎ノ消防隊2 シンラver.,2025-07-16,2025-09-17,9,280,40.0,準現役
1317,eフィーバー炎炎ノ消防隊2 紅丸ver.,eフィーバー炎炎ノ消防隊2 紅丸ver.,2025-07-16,2025-11-05,15,231,33.0,準現役
1318,e一方通行 とある魔術の禁書目録 JKZ,e一方通行 とある魔術の禁書目録 JKZ,2025-07-16,2025-11-05,15,231,33.0,準現役
1319,e冒険島 EHLC2,e冒険島 EHLC2,2025-07-16,2025-08-06,4,322,46.0,準現役
1320,e東京リベンジャーズ GFEC,e東京リベンジャーズ GFEC,2025-07-16,2026-01-07,23,168,24.0,準現役
1321,ハイビリターン-30,ハイビリターン-30,2025-07-16,2026-06-24,48,0,0.0,現役
1322,PAコマコマ倶楽部with坂本冬美 89STver.,PAコマコマ倶楽部with坂本冬美 89STver.,2025-07-30,2025-09-10,6,287,41.0,準現役
1323,e マギアレコード 魔法少女まどか☆マギカ外伝 KRJ1,e マギアレコード 魔法少女まどか☆マギカ外伝 KRJ1,2025-07-30,2025-09-03,5,294,42.0,準現役
1324,デカスタe花の慶次～傾奇一転 H6,デカスタe花の慶次～傾奇一転 H6,2025-07-30,2025-09-17,7,280,40.0,準現役
1325,L アズールレーン THE ANIMATION,L アズールレーン THE ANIMATION,2025-08-13,2026-06-10,42,14,2.0,現役
1326,L ダーリン・イン・ザ・フランキス,L ダーリン・イン・ザ・フランキス,2025-08-13,2025-10-01,8,266,38.0,準現役
1327,LBマタドールⅢ,LBマタドールⅢ,2025-08-13,2025-09-10,5,287,41.0,準現役
1328,Lパチスロ 転生したら剣でした,Lパチスロ 転生したら剣でした,2025-08-13,2025-10-22,10,245,35.0,準現役
1329,L咲-Saki- 頂上決戦,L咲-Saki- 頂上決戦,2025-08-13,2025-10-01,8,266,38.0,準現役
1330,Pクイーンズブレイド奈落 5400,Pクイーンズブレイド奈落 5400,2025-08-13,2025-09-10,4,287,41.0,準現役
1331,Pフィーバー戦姫絶唱シンフォギア4 LT-Light ver.,Pフィーバー戦姫絶唱シンフォギア4 LT-Light ver.,2025-08-13,2025-12-03,15,203,29.0,準現役
1332,Pフィーバー戦姫絶唱シンフォギア4 Light ver.,Pフィーバー戦姫絶唱シンフォギア4 Light ver.,2025-08-13,2025-10-29,8,238,34.0,準現役
1333,eシャーマンキング MH,eシャーマンキング MH,2025-08-13,2025-09-17,5,280,40.0,準現役
1334,eシャーマンキング でっけぇえなver.,eシャーマンキング でっけぇえなver.,2025-08-13,2025-10-22,9,245,35.0,準現役
1335,e牙狼12黄金騎士極限 XX-MJ,e牙狼12黄金騎士極限 XX-MJ,2025-08-13,2026-06-24,43,0,0.0,現役
1336,e真・一騎当千～軍神覚醒～ 319大入りver.,e真・一騎当千～軍神覚醒～ 319大入りver.,2025-08-13,2026-06-24,43,0,0.0,現役
1337,e黄門ちゃま寿限無 LLサイズ 9HC3,e黄門ちゃま寿限無 LLサイズ 9HC3,2025-08-13,2026-01-07,16,168,24.0,準現役
1338,e GODZILLA7 TYPE-CRASH,e GODZILLA7 TYPE-CRASH,2025-08-27,2025-09-24,5,273,39.0,準現役
1339,e女神のカフェテラス JLZ,e女神のカフェテラス JLZ,2025-08-27,2026-06-24,25,0,0.0,現役
1340,LBトリプルクラウン(2025年),LBトリプルクラウン(2025年),2025-09-10,2025-09-10,1,287,41.0,準現役
1341,もっと!クレアの秘宝伝～女神の歌声と太陽の子供達～,もっと!クレアの秘宝伝～女神の歌声と太陽の子供達～,2025-09-10,2025-09-10,1,287,41.0,準現役
1342,ドンちゃん2(2019年),ドンちゃん2(2019年),2025-09-10,2025-09-10,1,287,41.0,準現役
1343,ネオアイムジャグラーEX,ネオアイムジャグラーEX,2025-09-10,2026-06-24,41,0,0.0,現役
1344,LBクレアの秘宝伝 ～はじまりの扉と太陽の石～ ボーナストリガーver.,LBクレアの秘宝伝 ～はじまりの扉と太陽の石～ ボーナストリガーver.,2025-09-17,2026-06-24,34,0,0.0,現役
1345,Lスマスロ ドルアーガの塔,Lスマスロ ドルアーガの塔,2025-09-17,2025-11-12,8,224,32.0,準現役
1346,Lスマスロ 東京リベンジャーズ,Lスマスロ 東京リベンジャーズ,2025-09-17,2026-01-21,17,154,22.0,準現役
1347,P FAIRY TAIL 超一夜Ver.,P FAIRY TAIL 超一夜Ver.,2025-09-17,2025-11-12,8,224,32.0,準現役
1348,P アズールレーン THE ANIMATION 異次元トリガー 79ver.,P アズールレーン THE ANIMATION 異次元トリガー 79ver.,2025-09-17,2026-06-03,36,21,3.0,現役
1349,PAぱちんこ シン・エヴァンゲリオン PREMIUM MODEL,PAぱちんこ シン・エヴァンゲリオン PREMIUM MODEL,2025-09-17,2025-10-16,4,251,35.9,準現役
1350,P戦国乙女7 終焉の関ケ原 LLサイズ 299ver.,P戦国乙女7 終焉の関ケ原 LLサイズ 299ver.,2025-09-17,2026-04-08,20,77,11.0,準現役
1351,SLOTドルアーガの塔,SLOTドルアーガの塔,2025-09-17,2025-11-19,9,217,31.0,準現役
1352,eパリピ孔明 NB,eパリピ孔明 NB,2025-09-17,2025-09-24,2,273,39.0,準現役
1353,eフィーバーブルーロック MZ,eフィーバーブルーロック MZ,2025-09-17,2026-01-07,15,168,24.0,準現役
1354,デジハネP 頭文字D せかんど GCPC,デジハネP 頭文字D せかんど GCPC,2025-09-17,2025-10-16,4,251,35.9,準現役
1355,LBマジカルハロウィン ボーナストリガー,LBマジカルハロウィン ボーナストリガー,2025-10-01,2025-12-03,9,203,29.0,準現役
1356,P【超甘LT】豊丸のとあるパチンコにしみけん参戦 感度UP1/39,P【超甘LT】豊丸のとあるパチンコにしみけん参戦 感度UP1/39,2025-10-01,2025-10-01,1,266,38.0,準現役
1357,Pルパン三世 ONE COLLECTION 100ver.,Pルパン三世 ONE COLLECTION 100ver.,2025-10-01,2026-01-21,15,154,22.0,準現役
1358,デカスタPデビルマン THE FINAL 179ver.,デカスタPデビルマン THE FINAL 179ver.,2025-10-01,2025-10-01,1,266,38.0,準現役
1359,Lスマスロ バベル(2025年),Lスマスロ バベル(2025年),2025-10-16,2025-10-22,2,245,35.0,準現役
1360,Lスマスロ 新鬼武者3,Lスマスロ 新鬼武者3,2025-10-16,2026-02-18,18,126,18.0,準現役
1361,L主役は銭形5,L主役は銭形5,2025-10-16,2026-02-25,18,119,17.0,準現役
1362,P 冬のソナタ My Memory SWEET Version,P 冬のソナタ My Memory SWEET Version,2025-10-16,2025-11-05,4,231,33.0,準現役
1363,PAフィーバーダンジョンに出会いを求めるのは間違っているだろうか2 LT-Light ver.,PAフィーバーダンジョンに出会いを求めるのは間違っているだろうか2 LT-Light ver.,2025-10-16,2025-11-05,4,231,33.0,準現役
1364,Pスーパー海物語IN沖縄6 LTP,Pスーパー海物語IN沖縄6 LTP,2025-10-16,2026-06-24,34,0,0.0,現役
1365,e ベルセルク無双 第2章 H3,e ベルセルク無双 第2章 H3,2025-10-16,2025-11-05,4,231,33.0,準現役
1366,e 聖戦士ダンバイン3 ZEROSONIC GREA,e 聖戦士ダンバイン3 ZEROSONIC GREA,2025-10-16,2025-12-10,9,196,28.0,準現役
1367,eとある科学の超電磁砲 PHASE NEXT LTRSY,eとある科学の超電磁砲 PHASE NEXT LTRSY,2025-10-16,2025-11-05,4,231,33.0,準現役
1368,eガールズ＆パンツァー 最終章 LAH1,eガールズ＆パンツァー 最終章 LAH1,2025-10-16,2026-01-07,12,168,24.0,準現役
1369,L 荒野のコトブキ飛行隊,L 荒野のコトブキ飛行隊,2025-10-29,2025-11-19,4,217,31.0,準現役
1370,LB SHAKE BONUS TRIGGER,LB SHAKE BONUS TRIGGER,2025-10-29,2026-06-24,33,0,0.0,現役
1371,PA義風堂々!!～兼続と慶次～3 99Ver.,PA義風堂々!!～兼続と慶次～3 99Ver.,2025-10-29,2026-01-28,10,147,21.0,準現役
1372,Pゴッドイーター199 ゴッドトリガーVER.,Pゴッドイーター199 ゴッドトリガーVER.,2025-10-29,2025-11-19,4,217,31.0,準現役
1373,デカスタP STEINS；GATE 0 まゆしぃば～じょん,デカスタP STEINS；GATE 0 まゆしぃば～じょん,2025-10-29,2026-06-24,31,0,0.0,現役
1374,L 絶対衝激Ⅳ,L 絶対衝激Ⅳ,2025-11-12,2025-12-24,6,182,26.0,準現役
1375,Lスマスロ とある科学の超電磁砲2,Lスマスロ とある科学の超電磁砲2,2025-11-12,2026-04-08,17,77,11.0,準現役
1376,Lパチスロ 革命機ヴァルヴレイヴ2,Lパチスロ 革命機ヴァルヴレイヴ2,2025-11-12,2026-06-24,28,0,0.0,現役
1377,P Re:ゼロから始める異世界生活 鬼がかり 199ver.,P Re:ゼロから始める異世界生活 鬼がかり 199ver.,2025-11-12,2026-03-04,16,112,16.0,準現役
1378,P Re:ゼロから始める異世界生活 鬼がかり 99ver.,P Re:ゼロから始める異世界生活 鬼がかり 99ver.,2025-11-12,2026-02-04,12,140,20.0,準現役
1379,P いくさの子 戦極最強 ドデカ199ver.,P いくさの子 戦極最強 ドデカ199ver.,2025-11-12,2025-12-03,4,203,29.0,準現役
1380,Pはねものファインプレー H3,Pはねものファインプレー H3,2025-11-12,2026-04-15,20,70,10.0,準現役
1381,P転生したらスライムだった件 129ver.,P転生したらスライムだった件 129ver.,2025-11-12,2025-12-10,5,196,28.0,準現役
1382,e ノーゲーム・ノーライフ 199Ver.,e ノーゲーム・ノーライフ 199Ver.,2025-11-12,2026-01-07,8,168,24.0,準現役
1383,e ノーゲーム・ノーライフ 319Ver.,e ノーゲーム・ノーライフ 319Ver.,2025-11-12,2025-12-24,6,182,26.0,準現役
1384,e 仮面ライダー電王 デカヘソ239,e 仮面ライダー電王 デカヘソ239,2025-11-12,2026-03-04,15,112,16.0,準現役
1385,eとある科学の超電磁砲 PHASE NEXT LT RSY,eとある科学の超電磁砲 PHASE NEXT LT RSY,2025-11-12,2026-02-11,13,133,19.0,準現役
1386,eフィーバーもののがたり F,eフィーバーもののがたり F,2025-11-12,2026-04-08,21,77,11.0,準現役
1387,eルパン三世VSキャッツ・アイ MAH4,eルパン三世VSキャッツ・アイ MAH4,2025-11-12,2026-02-04,12,140,20.0,準現役
1388,e源外伝 EPISODE OF -大龍- EHLG,e源外伝 EPISODE OF -大龍- EHLG,2025-11-12,2025-12-03,4,203,29.0,準現役
1389,e花の慶次～黄金の一撃 H4,e花の慶次～黄金の一撃 H4,2025-11-12,2026-05-13,20,42,6.0,準現役
1390,Lスマスロネオプラネット,Lスマスロネオプラネット,2025-11-26,2026-01-14,7,161,23.0,準現役
1391,Pメイドインアビス 奈落の連環蝕 SL,Pメイドインアビス 奈落の連環蝕 SL,2025-11-26,2025-12-10,3,196,28.0,準現役
1392,e女神のカフェテラス FLX,e女神のカフェテラス FLX,2025-11-26,2026-03-25,17,91,13.0,準現役
1393,Lスマスロ 化物語,Lスマスロ 化物語,2025-12-10,2026-05-20,23,35,5.0,準現役
1394,Lバーニングエクスプレス,Lバーニングエクスプレス,2025-12-10,2026-01-14,5,161,23.0,準現役
1395,Lプリズムナナ(2025年),Lプリズムナナ(2025年),2025-12-10,2026-06-17,26,7,1.0,現役
1396,L銀河英雄伝説 Die Neue These,L銀河英雄伝説 Die Neue These,2025-12-10,2026-02-04,8,140,20.0,準現役
1397,PAフィーバーからくりサーカス2 Light ver.,PAフィーバーからくりサーカス2 Light ver.,2025-12-10,2026-01-21,6,154,22.0,準現役
1398,PA海物語 極JAPAN Withナギナミ HBD,PA海物語 極JAPAN Withナギナミ HBD,2025-12-10,2026-04-01,9,84,12.0,準現役
1399,PA野生の王国Ⅵ N2,PA野生の王国Ⅵ N2,2025-12-10,2026-04-22,16,63,9.0,準現役
1400,e アズールレーン2 THE ANIMATION 超次元 K6,e アズールレーン2 THE ANIMATION 超次元 K6,2025-12-10,2026-03-25,13,91,13.0,準現役
1401,e 北斗の拳11 暴凶星 SHEF,e 北斗の拳11 暴凶星 SHEF,2025-12-10,2026-06-24,28,0,0.0,現役
1402,eうしおととら～神のせSPEC～ 150ver.,eうしおととら～神のせSPEC～ 150ver.,2025-12-10,2026-02-04,8,140,20.0,準現役
1403,e地獄少女 7500Ver.,e地獄少女 7500Ver.,2025-12-10,2026-06-10,26,14,2.0,現役
1404,L 無職転生 ～異世界行ったら本気だす～,L 無職転生 ～異世界行ったら本気だす～,2025-12-31,2026-05-13,17,42,6.0,準現役
1405,LB不二子BT,LB不二子BT,2025-12-31,2026-05-27,21,28,4.0,現役
1406,Lスマスロ 沖ドキ!DUO アンコール,Lスマスロ 沖ドキ!DUO アンコール,2025-12-31,2026-05-27,21,28,4.0,現役
1407,Lスマスロ 秘宝伝(2025年),Lスマスロ 秘宝伝(2025年),2025-12-31,2026-03-11,11,105,15.0,準現役
1408,P沖ドキ!ドキドキ弾丸ツアー LG,P沖ドキ!ドキドキ弾丸ツアー LG,2025-12-31,2026-05-13,20,42,6.0,準現役
1409,e 新世紀エヴァンゲリオン ～はじまりの記憶～ R,e 新世紀エヴァンゲリオン ～はじまりの記憶～ R,2025-12-31,2026-06-24,26,0,0.0,現役
1410,LBスマート沖スロ ニューキングハナハナV,LBスマート沖スロ ニューキングハナハナV,2026-01-14,2026-06-24,24,0,0.0,現役
1411,Lスマスロ 北斗の拳 転生の章2,Lスマスロ 北斗の拳 転生の章2,2026-01-14,2026-06-24,21,0,0.0,現役
1412,Lスマスロ鉄拳6,Lスマスロ鉄拳6,2026-01-14,2026-04-08,13,77,11.0,準現役
1413,P ゴジラ対エヴァンゲリオン2 超デカシルバー,P ゴジラ対エヴァンゲリオン2 超デカシルバー,2026-01-14,2026-02-25,7,119,17.0,準現役
1414,PA清流物語4 ウキウキ79ver.,PA清流物語4 ウキウキ79ver.,2026-01-14,2026-03-18,10,98,14.0,準現役
1415,Pフィーバーうたわれるもの LT-Light ver.,Pフィーバーうたわれるもの LT-Light ver.,2026-01-14,2026-02-04,4,140,20.0,準現役
1416,Pフィーバー彼女、お借りします LT-Light ver.,Pフィーバー彼女、お借りします LT-Light ver.,2026-01-14,2026-03-04,8,112,16.0,準現役
1417,SBニューキングハナハナV-30,SBニューキングハナハナV-30,2026-01-14,2026-06-24,24,0,0.0,現役
1418,e ゴジラ対エヴァンゲリオン2 超デカゴールド,e ゴジラ対エヴァンゲリオン2 超デカゴールド,2026-01-14,2026-03-18,10,98,14.0,準現役
1419,e ソードアート・オンライン 閃光の軌跡 99Ver.,e ソードアート・オンライン 閃光の軌跡 99Ver.,2026-01-14,2026-06-24,15,0,0.0,現役
1420,e 盾の勇者の成り上がり アルティメット199ver.,e 盾の勇者の成り上がり アルティメット199ver.,2026-01-14,2026-02-25,7,119,17.0,準現役
1421,eようこそ実力至上主義の教室へ MA,eようこそ実力至上主義の教室へ MA,2026-01-14,2026-06-10,22,14,2.0,現役
1422,e吉宗 極乗3000ver.,e吉宗 極乗3000ver.,2026-01-14,2026-04-22,15,63,9.0,準現役
1423,P【超甘LT】華牌RR 1/49×99de遊タイム,P【超甘LT】華牌RR 1/49×99de遊タイム,2026-01-28,2026-02-25,5,119,17.0,準現役
1424,P閃乱カグラ 189大入りver.,P閃乱カグラ 189大入りver.,2026-01-28,2026-06-24,21,0,0.0,現役
1425,e ULTRAMAN 4500超ライト,e ULTRAMAN 4500超ライト,2026-01-28,2026-02-11,3,133,19.0,準現役
1426,e範馬刃牙 199ver.,e範馬刃牙 199ver.,2026-01-28,2026-03-25,8,91,13.0,準現役
1427,Lスマスロ ゴブリンスレイヤーⅡ,Lスマスロ ゴブリンスレイヤーⅡ,2026-02-11,2026-03-18,6,98,14.0,準現役
1428,Lスマスロ ハナビ(2026年),Lスマスロ ハナビ(2026年),2026-02-11,2026-06-24,20,0,0.0,現役
1429,Lスマスロ 攻殻機動隊(2026年),Lスマスロ 攻殻機動隊(2026年),2026-02-11,2026-06-24,20,0,0.0,現役
1430,Lパチスロ 炎炎ノ消防隊2,Lパチスロ 炎炎ノ消防隊2,2026-02-11,2026-06-24,20,0,0.0,現役
1431,Lパチスロうみねこのなく頃に2,Lパチスロうみねこのなく頃に2,2026-02-11,2026-06-24,20,0,0.0,現役
1432,L範馬刃牙,L範馬刃牙,2026-02-11,2026-04-01,8,84,12.0,準現役
1433,PA乗物娘 with CYBER JAPAN DANCERS 2nd season 77ver.,PA乗物娘 with CYBER JAPAN DANCERS 2nd season 77ver.,2026-02-11,2026-03-04,4,112,16.0,準現役
1434,P俺の妹がこんなに可愛いわけがない。 攻略!!スキップ159ver.,P俺の妹がこんなに可愛いわけがない。 攻略!!スキップ159ver.,2026-02-11,2026-02-25,3,119,17.0,準現役
1435,P冴えない彼女の育てかた 99ver.,P冴えない彼女の育てかた 99ver.,2026-02-11,2026-06-10,14,14,2.0,現役
1436,P黄門ちゃま寿限無 99ver.,P黄門ちゃま寿限無 99ver.,2026-02-11,2026-04-15,10,70,10.0,準現役
1437,e 真・北斗無双 第5章 夢幻闘双 SCEA,e 真・北斗無双 第5章 夢幻闘双 SCEA,2026-02-11,2026-04-01,8,84,12.0,準現役
1438,eフィーバーBASTARD!! -暗黒の破壊神- G,eフィーバーBASTARD!! -暗黒の破壊神- G,2026-02-11,2026-04-08,8,77,11.0,準現役
1439,e異世界でチート能力を手にした俺は現実世界をも無双する ～レベルアップは人生を変えた～ FSZ,e異世界でチート能力を手にした俺は現実世界をも無双する ～レベルアップは人生を変えた～ FSZ,2026-02-11,2026-04-15,10,70,10.0,準現役
1440,P黄門ちゃま寿限無 LLサイズ 259ver.,P黄門ちゃま寿限無 LLサイズ 259ver.,2026-02-18,2026-02-18,1,126,18.0,準現役
1441,P 俺の妹がこんなに可愛いわけがない。 攻略!!スキップ159ver.,P 俺の妹がこんなに可愛いわけがない。 攻略!!スキップ159ver.,2026-03-04,2026-03-25,2,91,13.0,準現役
1442,LBスマスロ サンダーV(2026年),LBスマスロ サンダーV(2026年),2026-03-11,2026-06-24,16,0,0.0,現役
1443,Lスマスロ 甲鉄城のカバネリ 海門決戦,Lスマスロ 甲鉄城のカバネリ 海門決戦,2026-03-11,2026-06-24,16,0,0.0,現役
1444,P Re:ゼロから始める異世界生活 season2 129ver.,P Re:ゼロから始める異世界生活 season2 129ver.,2026-03-11,2026-06-24,16,0,0.0,現役
1445,P Re:ゼロから始める異世界生活 season2 249ver.,P Re:ゼロから始める異世界生活 season2 249ver.,2026-03-11,2026-06-03,12,21,3.0,現役
1446,P戦国乙女7 終焉の関ケ原 99ver.,P戦国乙女7 終焉の関ケ原 99ver.,2026-03-11,2026-06-24,16,0,0.0,現役
1447,P痛いのは嫌なので防御力に極振りしたいと思います。 極振り129ver,P痛いのは嫌なので防御力に極振りしたいと思います。 極振り129ver,2026-03-11,2026-06-10,12,14,2.0,現役
1448,e 甲鉄城のカバネリ2 咲かせや燦然 GFEA,e 甲鉄城のカバネリ2 咲かせや燦然 GFEA,2026-03-11,2026-05-13,10,42,6.0,準現役
1449,e 魔法少女まどか☆マギカ3 時間遡行～始まりの願い～ LPM1,e 魔法少女まどか☆マギカ3 時間遡行～始まりの願い～ LPM1,2026-03-11,2026-06-17,15,7,1.0,現役
1450,eアクダマドライブ EHLT,eアクダマドライブ EHLT,2026-03-11,2026-05-13,10,42,6.0,準現役
1451,eフィーバーダンベル何キロ持てる？2 F,eフィーバーダンベル何キロ持てる？2 F,2026-03-11,2026-06-03,13,21,3.0,現役
1452,eワンパンマン2～正義執行 LM10,eワンパンマン2～正義執行 LM10,2026-03-11,2026-06-10,14,14,2.0,現役
1453,e牙狼11～冴島大河～ 魔戒BURST Ver.,e牙狼11～冴島大河～ 魔戒BURST Ver.,2026-03-11,2026-04-22,7,63,9.0,準現役
1454,P モモキュンソード 速撃99ver.,P モモキュンソード 速撃99ver.,2026-03-25,2026-05-13,8,42,6.0,準現役
1455,Pえとたま2 神祭 干支甘,Pえとたま2 神祭 干支甘,2026-03-25,2026-04-15,4,70,10.0,準現役
1456,e スマパチ SSSS.GRIDMAN メガSTART 159ver.,e スマパチ SSSS.GRIDMAN メガSTART 159ver.,2026-03-25,2026-05-20,8,35,5.0,準現役
1457,e 乃木坂46 Ⅱ SWEET Version,e 乃木坂46 Ⅱ SWEET Version,2026-03-25,2026-05-06,7,49,7.0,準現役
1458,LB A-SLOT+ 異世界かるてっと BT,LB A-SLOT+ 異世界かるてっと BT,2026-04-15,2026-06-24,11,0,0.0,現役
1459,Lアクダマドライブ,Lアクダマドライブ,2026-04-15,2026-06-24,10,0,0.0,現役
1460,Lスマスロヨルムンガンド,Lスマスロヨルムンガンド,2026-04-15,2026-05-20,6,35,5.0,準現役
1461,L真打 吉宗,L真打 吉宗,2026-04-15,2026-06-24,11,0,0.0,現役
1462,L虚構推理,L虚構推理,2026-04-15,2026-06-24,11,0,0.0,現役
1463,P にゃんこ大戦争 多様性のネコ 神さまにおまかせ88ver.,P にゃんこ大戦争 多様性のネコ 神さまにおまかせ88ver.,2026-04-15,2026-06-17,10,7,1.0,現役
1464,P ウルトラマンメビウス デカヘソ319,P ウルトラマンメビウス デカヘソ319,2026-04-15,2026-05-13,5,42,6.0,準現役
1465,e 終末のワルキューレ EREA,e 終末のワルキューレ EREA,2026-04-15,2026-05-13,5,42,6.0,準現役
1466,eラグナドール 妖しき皇帝と終焉の夜叉姫 CMB,eラグナドール 妖しき皇帝と終焉の夜叉姫 CMB,2026-04-15,2026-05-13,5,42,6.0,準現役
1467,eリコリス・リコイル M3,eリコリス・リコイル M3,2026-04-15,2026-06-24,11,0,0.0,現役
1468,e転生したらスライムだった件2 MF,e転生したらスライムだった件2 MF,2026-04-15,2026-06-24,11,0,0.0,現役
1469,Lアニマルスロットドッチ,Lアニマルスロットドッチ,2026-04-29,2026-06-24,9,0,0.0,現役
1470,Lスマスロ ミリオンゴッド-神々の軌跡-,Lスマスロ ミリオンゴッド-神々の軌跡-,2026-04-29,2026-06-24,9,0,0.0,現役
1471,Lパチスロ 機動戦士ガンダムユニコーン 覚醒DRIVE,Lパチスロ 機動戦士ガンダムユニコーン 覚醒DRIVE,2026-04-29,2026-05-20,4,35,5.0,準現役
1472,e86-エイティシックス- MAM2,e86-エイティシックス- MAM2,2026-04-29,2026-06-24,9,0,0.0,現役
1473,eフィーバーキン肉マン,eフィーバーキン肉マン,2026-04-29,2026-06-24,9,0,0.0,現役
1474,eリング 最恐領域 RHA,eリング 最恐領域 RHA,2026-04-29,2026-06-24,9,0,0.0,現役
1475,Lスマスロ スーパーリオエース2,Lスマスロ スーパーリオエース2,2026-05-20,2026-06-24,6,0,0.0,現役
1476,Lスマスロ バイオハザードRE:3,Lスマスロ バイオハザードRE:3,2026-05-20,2026-06-24,6,0,0.0,現役
1477,Lスマスロ ビッグドリーム THE GOLDEN PUSHER,Lスマスロ ビッグドリーム THE GOLDEN PUSHER,2026-05-20,2026-06-24,6,0,0.0,現役
1478,Lタクトオーパス デスティニー,Lタクトオーパス デスティニー,2026-05-20,2026-06-24,6,0,0.0,現役
1479,Pクイーンズブレイド奈落 ナナエル79Ver.,Pクイーンズブレイド奈落 ナナエル79Ver.,2026-05-20,2026-06-10,4,14,2.0,現役
1480,PフィーバークィーンⅡ YS,PフィーバークィーンⅡ YS,2026-05-20,2026-06-24,6,0,0.0,現役
1481,e バイオハザード6 APN,e バイオハザード6 APN,2026-05-20,2026-06-24,6,0,0.0,現役
1482,eひきこまり吸血姫の悶々 FHV,eひきこまり吸血姫の悶々 FHV,2026-05-20,2026-06-24,6,0,0.0,現役
1483,eまわるん超ワープ ギンギラパラダイス VIVA FESTA HTA2,eまわるん超ワープ ギンギラパラダイス VIVA FESTA HTA2,2026-05-20,2026-06-10,4,14,2.0,現役
1484,eカケグルイ 7500ver,eカケグルイ 7500ver,2026-05-20,2026-06-24,6,0,0.0,現役
1485,eライザのアトリエ 常闇の女王と秘密の隠れ家 K3,eライザのアトリエ 常闇の女王と秘密の隠れ家 K3,2026-05-20,2026-06-10,4,14,2.0,現役
1486,eルパン三世VSキャッツ・アイ 157ver. 極限突破ブッた斬り7500,eルパン三世VSキャッツ・アイ 157ver. 極限突破ブッた斬り7500,2026-05-20,2026-06-17,5,7,1.0,現役
1487,デカスタP戦国無双 100ver.,デカスタP戦国無双 100ver.,2026-05-20,2026-06-24,6,0,0.0,現役
1488,LBスロットGALFY,LBスロットGALFY,2026-06-03,2026-06-24,4,0,0.0,現役
1489,P 犬夜叉3.0 大入り 甘SPEC,P 犬夜叉3.0 大入り 甘SPEC,2026-06-03,2026-06-24,4,0,0.0,現役
1490,Lスマスロ BIRDIE WING -Golf Girls’ Story-,Lスマスロ BIRDIE WING -Golf Girls’ Story-,2026-06-17,2026-06-24,2,0,0.0,現役
1491,Lスロット ソードアート・オンラインⅡ,Lスロット ソードアート・オンラインⅡ,2026-06-17,2026-06-24,2,0,0.0,現役
1492,L戦国乙女5 業火を穿つ宿焔の双刃,L戦国乙女5 業火を穿つ宿焔の双刃,2026-06-17,2026-06-24,2,0,0.0,現役
1493,P 魔法少女まどか☆マギカ3 キュゥべえver.,P 魔法少女まどか☆マギカ3 キュゥべえver.,2026-06-17,2026-06-24,2,0,0.0,現役
1494,PAスーパー海物語IN沖縄6 Withえなこ RBD,PAスーパー海物語IN沖縄6 Withえなこ RBD,2026-06-17,2026-06-24,2,0,0.0,現役
1495,PA花の慶次～傾奇一転 87ver.,PA花の慶次～傾奇一転 87ver.,2026-06-17,2026-06-24,2,0,0.0,現役
1496,e 化物語 鬼99ver.,e 化物語 鬼99ver.,2026-06-17,2026-06-24,2,0,0.0,現役
1497,e 学園黙示録ハイスクール・オブ・ザ・デッド3 V1A,e 学園黙示録ハイスクール・オブ・ザ・デッド3 V1A,2026-06-17,2026-06-24,2,0,0.0,現役
1498,e 東京喰種 超デカ 超一撃 ver.,e 東京喰種 超デカ 超一撃 ver.,2026-06-17,2026-06-24,2,0,0.0,現役
1499,eソードアート・オンライン オルタナティブ ガンゲイル・オンライン M08,eソードアート・オンライン オルタナティブ ガンゲイル・オンライン M08,2026-06-17,2026-06-24,2,0,0.0,現役
1500,eフィーバー デッドマウント・デスプレイ 魂神9000,eフィーバー デッドマウント・デスプレイ 魂神9000,2026-06-17,2026-06-24,2,0,0.0,現役
1501,e冥妃転生 CMP,e冥妃転生 CMP,2026-06-17,2026-06-24,2,0,0.0,現役
1502,遊moreLT PエガブレイブVVV AX4,遊moreLT PエガブレイブVVV AX4,2026-06-17,2026-06-24,2,0,0.0,現役
